destination,origin,trade,country,trade_share,trade_cost
AUS,AUS,0.004220856804653481,AUS,0.6956343840898167,1.0
AUT,AUS,1.1174694683000674e-6,AUT,0.0004749410855517831,6.253740142695115
BEL,AUS,5.859355544297877e-6,BEL,0.0019284035088479097,4.337713232951031
BGR,AUS,2.2239013255508196e-6,BGR,0.00377312323184775,3.440957258418507
BRA,AUS,0.000011865991382103647,BRA,0.0007754719391253268,5.526366556392308
CAN,AUS,0.000013000436569034596,CAN,0.0014021604158508043,4.8437997075080315
CHE,AUS,2.02387681322293e-6,CHE,0.0006516356361255032,5.995126615148701
CHN,AUS,0.0008550638165543701,CHN,0.004752870565998932,3.6497355646648817
CYP,AUS,2.6511901126167818e-8,CYP,0.00022581390439345336,7.050993305729439
CZE,AUS,1.2339989404293448e-6,CZE,0.0007558642985080807,5.547635297129288
DEU,AUS,9.661209490000367e-6,DEU,0.0005224079045243559,6.396117707724894
DNK,AUS,8.61887613392471e-7,DNK,0.0006183580898438179,5.714534896785081
ESP,AUS,5.206570082482311e-6,ESP,0.0006024014356929221,5.762480819730062
EST,AUS,5.7190654275370134e-8,EST,0.0002926916199525592,6.763558382904252
FIN,AUS,6.400477884483135e-7,FIN,0.00042928863735514533,6.353432585346016
FRA,AUS,8.479267452326175e-6,FRA,0.0006627206795803382,5.925948636600848
GBR,AUS,0.000019356773233007712,GBR,0.0017211427168012069,4.6252521348112055
GRC,AUS,1.0248521854843347e-7,GRC,0.0000720066172233241,9.380536836628501
HRV,AUS,2.12500816024548e-8,HRV,0.000059158001638330515,9.595507884646302
HUN,AUS,4.011472748064032e-8,HUN,0.00003900683530056165,11.344098465191157
IDN,AUS,0.000058280343435862964,IDN,0.006527175189833235,3.144380889288215
IND,AUS,0.00008961628807917232,IND,0.0038808598829924864,3.737197020726506
IRL,AUS,6.430322318692045e-7,IRL,0.0009290723983145262,5.180377527446315
ITA,AUS,7.028148567520097e-6,ITA,0.0005633944302309324,6.039987932511229
JPN,AUS,0.0005512854448313291,JPN,0.01851383080378406,2.8003056597250375
KOR,AUS,0.0001847684435579113,KOR,0.012722210171102998,2.8865363482508792
LTU,AUS,6.160981997075378e-8,LTU,0.000143529446605761,7.813889211519672
LUX,AUS,2.076629879166292e-8,LUX,0.00009798511830816886,8.951789355990268
LVA,AUS,3.6740827443960486e-8,LVA,0.0001676558831988457,7.599119164298338
MEX,AUS,4.186954448356353e-6,MEX,0.0004599003947383952,6.25577927840826
MLT,AUS,3.021592955740714e-8,MLT,0.0005948369647190764,5.730666240000728
NLD,AUS,5.531449766977113e-6,NLD,0.0012297254516761044,4.8991554270097755
NOR,AUS,1.0610382181631824e-6,NOR,0.000509654526669786,5.939309703529483
POL,AUS,5.076073807314663e-6,POL,0.0010886236039173575,4.961450369607429
PRT,AUS,1.3854586694502282e-7,PRT,0.00008797672695076385,9.052463778946686
ROU,AUS,7.045341238912432e-8,ROU,0.00003947808224091438,11.174342842226492
ROW,AUS,0.0006719376695594162,ROW,0.005925826064374837,3.158634762060717
RUS,AUS,3.1230564383211445e-6,RUS,0.0002520525812185825,7.081821627098245
SVK,AUS,2.403046284085159e-7,SVK,0.00027712648469785557,6.940198709021458
SVN,AUS,3.0464855143940846e-7,SVN,0.0009182563177669035,5.057484294265979
SWE,AUS,2.2392256845110977e-6,SWE,0.0009956367954055227,5.160789118871099
TUR,AUS,7.302814710503235e-6,TUR,0.0010639209800910397,5.046543578943752
TWN,AUS,0.00013436161171585033,TWN,0.024712152574905034,2.3980302905521773
USA,AUS,0.00007121886907109655,USA,0.0008745251485691128,5.747039921431589
AUS,AUT,7.250542686830865e-6,AUS,0.0011949533068048698,4.402457803420838
AUT,AUT,0.0011029242730229243,AUT,0.46875916199104556,1.0
BEL,AUT,0.000013200971485923012,BEL,0.004344641580664757,3.173288098000613
BGR,AUT,6.54236205826889e-6,BGR,0.011099925158369855,2.3548442533994174
BRA,AUT,9.590216737967817e-6,BRA,0.000626744427072525,5.223916964318554
CAN,AUT,0.000010118244789552252,CAN,0.0010913019917801396,4.622075562308931
CHE,AUT,0.0000716882700858736,CHE,0.023081756347489466,2.20252085392361
CHN,AUT,0.000023969300776827568,CHN,0.00013323331188171635,7.994381442931248
CYP,AUT,6.540153493457497e-7,CYP,0.00557054580379538,2.8356407626230498
CZE,AUT,0.00004139434215236276,CZE,0.025355374602115104,2.0660414435416246
DEU,AUT,0.0003818045845954453,DEU,0.020645213540058657,2.2863973777554136
DNK,AUT,6.611004988405804e-6,DNK,0.004743041149515926,3.0776154504208284
ESP,AUT,0.000018391162372696974,ESP,0.002127861997795733,3.7673225368097203
EST,AUT,9.691984100958531e-7,EST,0.0049601854761184075,2.9877276892683584
FIN,AUT,4.596679585643845e-6,FIN,0.0030830546582516828,3.4784690554949522
FRA,AUT,0.00005752457647465413,FRA,0.004495992917807476,3.2909537941853033
GBR,AUT,0.000028464077696186782,GBR,0.0025309352663033303,3.764497816710664
GRC,AUT,5.294951423444665e-6,GRC,0.0037202588408775266,3.1359214944068943
HRV,AUT,0.00001612124217231696,HRV,0.04487984981345571,1.6386876003037325
HUN,AUT,0.00004655663305829585,HUN,0.045270827745995744,1.7419602220397055
IDN,AUT,1.290843772903039e-6,IDN,0.00014456955727647187,7.305247401746665
IND,AUT,5.486134170774844e-6,IND,0.0002375786642408653,6.733855635130275
IRL,AUT,2.4917128916756613e-6,IRL,0.003600102074900667,3.309274344084377
ITA,AUT,0.00011091800364771386,ITA,0.00889147189577784,2.716023160546727
JPN,AUT,0.000016812455763297956,JPN,0.0005646130590170694,6.005918808849805
KOR,AUT,9.284441715124094e-6,KOR,0.0006392791785581244,5.464277014480293
LTU,AUT,1.709390859374843e-6,LTU,0.003982286008877874,3.051455674348761
LUX,AUT,1.382480471395943e-6,LUX,0.006523189996806213,2.8088112336819395
LVA,AUT,1.5600995427944906e-6,LVA,0.007119052153201337,2.6680876126557895
MEX,AUT,4.8415697571428e-6,MEX,0.000531804171726193,5.406884639417721
MLT,AUT,4.0141945239526186e-7,MLT,0.007902425380901676,2.6903090808088055
NLD,AUT,0.00001797196832011171,NLD,0.003995442025325629,3.270541962492731
NOR,AUT,4.872408401517711e-6,NOR,0.0023403916608359973,3.636390242993057
POL,AUT,0.00003761616783186186,POL,0.008067228678131625,2.6951607409771263
PRT,AUT,2.9548257849989784e-6,PRT,0.0018763165369421392,3.775460189452871
ROU,AUT,0.000018345312159445633,ROU,0.010279668757075557,2.493181521637025
ROW,AUT,0.00010633630687393085,ROW,0.0009377811178171804,4.488476341971513
RUS,AUT,0.00002311922214296863,RUS,0.0018658835445297302,3.8479933540252778
SVK,AUT,0.000020310370318541162,SVK,0.02342252650964551,2.0514959050435206
SVN,AUT,0.00002348620942653131,SVN,0.07079094938876909,1.5297440252943275
SWE,AUT,0.000012113701643996883,SWE,0.005386168606743621,3.0329066093770156
TUR,AUT,0.000017691527156657485,TUR,0.002577415374478429,3.625458542596311
TWN,AUT,2.7874275726773556e-6,TWN,0.0005126712502762722,5.663178409828051
USA,AUT,0.00005381895262189357,USA,0.0006608645735515728,5.524549224893736
AUS,BEL,9.92657496449157e-6,AUS,0.00163598700006417,3.7836647984139744
AUT,BEL,0.000024382503534700245,AUT,0.010362925364624949,2.4109684677543455
BEL,BEL,0.0009998679027374013,BEL,0.32907181642179284,1.0
BGR,BEL,3.776785800028934e-6,BGR,0.006407783510930876,2.511538988342126
BRA,BEL,0.000018762768857132363,BRA,0.0012261934363904155,4.10632972856642
CAN,BEL,0.000014676627407209712,CAN,0.0015829457633443661,3.915447905046941
CHE,BEL,0.000025463460468581315,CHE,0.008198571252949515,2.652328909669967
CHN,BEL,0.000046939207968235954,CHN,0.00026091149645711317,6.282600564180366
CYP,BEL,1.800615009226939e-6,CYP,0.015336655927011675,2.0465278554616972
CZE,BEL,0.0000209588639050673,CZE,0.012837982630372525,2.276968494653739
DEU,BEL,0.0005435257702850447,DEU,0.029389918415855188,1.9459498504010313
DNK,BEL,0.00001855783864066489,DNK,0.013314252896967759,2.210416210671323
ESP,BEL,0.00006446589343436651,ESP,0.007458719683568429,2.5596305061369238
EST,BEL,2.0810435706697184e-6,EST,0.010650411708150297,2.2945555314594652
FIN,BEL,0.000015958134727021388,FIN,0.01070333502487534,2.3690724978412816
FRA,BEL,0.00037914547819675894,FRA,0.029633167061081017,1.9094502729277256
GBR,BEL,0.00018377932108113988,GBR,0.01634107276919962,2.195491947932003
GRC,BEL,0.00001178661336702954,GRC,0.008281332362851114,2.3867564133370567
HRV,BEL,1.9011789520971553e-6,HRV,0.005292683090211312,2.599649060012981
HUN,BEL,0.000011551422924748968,HUN,0.011232394679242697,2.294560083985548
IDN,BEL,4.14710218962731e-6,IDN,0.00046445955747717095,5.072731152288766
IND,BEL,0.000014370100449743282,IND,0.0006223014537347489,4.920850118977848
IRL,BEL,0.000012242268799967567,IRL,0.017687999871693016,2.0664099060473875
ITA,BEL,0.00011857570755939094,ITA,0.009505333098447153,2.4831887361124902
JPN,BEL,0.000018071800361022554,JPN,0.0006069056553925573,5.483547012264884
KOR,BEL,0.000013097371737712407,KOR,0.0009018180416939881,4.661227486491092
LTU,BEL,7.017332029960473e-6,LTU,0.01634794231483266,1.9929623040071833
LUX,BEL,0.00004628123712068676,LUX,0.21837654076996765,1.0855772804161132
LVA,BEL,1.473649943263286e-6,LVA,0.006724565012602843,2.516021000291574
MEX,BEL,6.853493339761457e-6,MEX,0.0007527964135197573,4.6082956502266175
MLT,BEL,6.759620686871645e-7,MLT,0.013307127435519619,2.1955628828068634
NLD,BEL,0.0002858223820241573,NLD,0.0635426646974468,1.522541920214069
NOR,BEL,0.00001427286775496389,NOR,0.006855767808693419,2.584064054661811
POL,BEL,0.00004277390624966566,POL,0.009173366216234708,2.426376894191304
PRT,BEL,0.00001313635349315236,PRT,0.008341594086342363,2.4171791489710177
ROU,BEL,9.65174004924716e-6,ROU,0.005408285766594397,2.7215007134623255
ROW,BEL,0.0003143789549039403,ROW,0.0027725116323396703,3.182223275136305
RUS,BEL,0.000026110962352377623,RUS,0.0021073379841178687,3.4701366634477715
SVK,BEL,5.865666739014701e-6,SVK,0.006764462318340734,2.6016295060676558
SVN,BEL,2.8123115516316022e-6,SVN,0.008476727815094108,2.4175798149455234
SWE,BEL,0.000030376500975477667,SWE,0.013506437647646334,2.240621504373483
TUR,BEL,0.00003860951165456277,TUR,0.005624881789932227,2.7730351700667466
TWN,BEL,5.2454656856458405e-6,TWN,0.0009647602964472112,4.495104678172674
USA,BEL,0.0001461105091971111,USA,0.001794149730678178,4.001151308990575
AUS,BGR,3.3480903321825133e-7,AUS,0.000055179478098785206,10.456976154412631
AUT,BGR,2.9183666090432264e-6,AUT,0.001240349060673287,4.854774260351478
BEL,BGR,8.872992909571075e-6,BEL,0.002920237649249846,3.858877759780689
BGR,BGR,0.00029570157992840136,BGR,0.5016942469988377,1.0
BRA,BGR,2.3910853905909984e-7,BRA,0.000015626335505791663,14.475120177378965
CAN,BGR,7.267483689124483e-7,CAN,0.00007838335195606772,9.83071032186066
CHE,BGR,6.267758156922825e-7,CHE,0.00020180549265561113,7.930883592121541
CHN,BGR,9.2696542896147e-6,CHN,0.00005152535539117156,11.162215481191438
CYP,BGR,7.734605795876569e-7,CYP,0.006587915085377292,2.994030560029576
CZE,BGR,2.1579872600405224e-6,CZE,0.0013218370559802757,4.760796686832168
DEU,BGR,0.000018257535291634367,DEU,0.00098723464834855,5.383553580781174
DNK,BGR,8.345024353629299e-7,DNK,0.0005987106948548972,5.685149656423127
ESP,BGR,4.893029550734085e-6,ESP,0.0005661247192594801,5.775747749427379
EST,BGR,1.1215651086263826e-7,EST,0.0005739971201334877,5.640344643867998
FIN,BGR,1.2781158912713117e-6,FIN,0.0008572494730057593,5.274414084838954
FRA,BGR,6.836799946190401e-6,FRA,0.0005343490734274613,6.171482517799917
GBR,BGR,3.6669030452726814e-6,GBR,0.00032604935717411295,6.918692848409731
GRC,BGR,0.000014539468845640945,GRC,0.010215502124374564,2.6823232902608365
HRV,BGR,8.818338255667775e-7,HRV,0.00245493301501432,3.7309264145324224
HUN,BGR,2.143524130462601e-6,HUN,0.002084324086710701,4.140655600440691
IDN,BGR,4.328038241248553e-7,IDN,0.00004847237020834608,10.570563902909493
IND,BGR,3.8935814821895504e-7,IND,0.00001686126986429341,14.365166682757808
IRL,BGR,7.334437888143838e-7,IRL,0.001059701747643152,4.946900124665518
ITA,BGR,0.00002183782818244765,ITA,0.0017505763641920778,4.489512631747707
JPN,BGR,4.693229182552798e-7,JPN,0.000015761281532790872,16.178448985930984
KOR,BGR,9.051170847771356e-7,KOR,0.00006232173395118543,10.767454489680105
LTU,BGR,4.509769529014034e-7,LTU,0.0010506194063319354,4.688094981898965
LUX,BGR,1.9731992103394964e-8,LUX,0.0000931047751987095,8.947715159621803
LVA,BGR,2.3984315392868667e-7,LVA,0.0010944531900497691,4.691631690948861
MEX,BGR,3.2295406303720326e-7,MEX,0.00003547368448956605,11.714561662566815
MLT,BGR,2.1259883993250049e-7,MLT,0.004185264213301176,3.4723951213655653
NLD,BGR,3.3968874352167785e-6,NLD,0.0007551797650776931,5.461550161591731
NOR,BGR,3.937019788109682e-7,NOR,0.00018910911240051375,7.509864206491178
POL,BGR,4.475667090439976e-6,POL,0.000959859336739358,5.052792274561003
PRT,BGR,1.4998341568927268e-6,PRT,0.000952395787777203,4.925038549319312
ROU,BGR,0.000017725824003631367,ROU,0.009932542854536831,2.768860951451744
ROW,BGR,0.00004864070773385277,ROW,0.00042896296299015,6.009480651253794
RUS,BGR,2.6053573854703243e-6,RUS,0.00021027063294370266,7.312710326420745
SVK,BGR,1.7120841802861776e-6,SVK,0.0019744266830472082,4.192146152359576
SVN,BGR,4.777299095827941e-7,SVN,0.0014399494289007344,4.460093556949381
SWE,BGR,7.706876584741724e-7,SWE,0.00034267425380543777,6.649304683155928
TUR,BGR,0.00003045116468692097,TUR,0.004436321372364397,3.485145195369025
TWN,BGR,1.5134597389993944e-7,TWN,0.000027835962600109902,12.917724035377416
USA,BGR,3.815514625438828e-6,USA,0.000046852239275921117,11.78853823013074
AUS,BRA,5.292811930699943e-6,AUS,0.0008723020320083941,5.553739157277807
AUT,BRA,1.936580053543229e-6,AUT,0.0008230752239583994,5.696352070448211
BEL,BRA,0.00003431183130847258,BEL,0.01129254836816441,2.914199404176298
BGR,BRA,2.584073255966607e-6,BGR,0.004384199389992791,3.4636890010916117
BRA,BRA,0.013203544596334575,BRA,0.862884355949372,1.0
CAN,BRA,0.0000408273696232343,CAN,0.004403430705193602,3.802723512362825
CHE,BRA,5.7294795756317545e-6,CHE,0.0018447432390854845,4.830282417043373
CHN,BRA,0.0004773851105957727,CHN,0.002653544211401582,4.412662924433678
CYP,BRA,3.2045785888287235e-7,CYP,0.0027294851456911564,3.952070905928807
CZE,BRA,1.3852529153520587e-6,CZE,0.0008485122546009264,5.6326306041425305
DEU,BRA,0.00008048603876012249,DEU,0.004352099278631839,3.93460485261762
DNK,BRA,4.848148747881326e-6,DNK,0.00347828644063999,3.8779883875206247
ESP,BRA,0.000040755386942162074,ESP,0.004715408266332967,3.600460963428581
EST,BRA,4.2247573965591967e-7,EST,0.0021621558661517252,4.287587588010255
FIN,BRA,6.186588061217825e-6,FIN,0.004149427599955343,3.7657862550717316
FRA,BRA,0.00003842613507923397,FRA,0.003003301228146732,4.244707116536027
GBR,BRA,0.000033460977333340235,GBR,0.0029752436907264494,4.21566349133688
GRC,BRA,1.8245572927588523e-6,GRC,0.0012819429030111523,4.772660741074955
HRV,BRA,7.587146323585185e-7,HRV,0.0021121820755222696,4.102470261107705
HUN,BRA,1.7977688455058558e-6,HUN,0.0017481179025576276,4.582151306104386
IDN,BRA,0.00003940988756068247,IDN,0.004413756425496862,3.623859188414729
IND,BRA,0.000045953393110502645,IND,0.001990025291522654,4.615516151084203
IRL,BRA,5.571445763504505e-6,IRL,0.00804979318459936,3.1556189751518406
ITA,BRA,0.000042745109483499054,ITA,0.0034265577016839165,4.019588871337123
JPN,BRA,0.00011579166236346521,JPN,0.0038886338567164333,4.323019423267966
KOR,BRA,0.000052713301539710697,KOR,0.0036295683834709235,4.127726044541934
LTU,BRA,5.592169444484728e-7,LTU,0.001302780930172419,4.7048046219075745
LUX,BRA,1.4958381116673603e-7,LUX,0.000705806440579762,5.710648371691995
LVA,BRA,3.8776616712800685e-7,LVA,0.0017694560451485923,4.40620753617614
MEX,BRA,0.000034407974170005966,MEX,0.003779415586703188,3.8614297624019294
MLT,BRA,2.7667414797473556e-7,MLT,0.005446663822963014,3.442935599749074
NLD,BRA,0.00009362421425277735,NLD,0.020814087447229162,2.5242993404700735
NOR,BRA,0.000014181074420384088,NOR,0.006811676193814836,3.246372749136405
POL,BRA,7.623777582378144e-6,POL,0.001635008579905461,4.683872001102647
PRT,BRA,0.000012395678852299179,PRT,0.007871265147092571,3.0761290406178414
ROU,BRA,4.276392810013359e-6,ROU,0.0023962471273318076,4.183936087553595
ROW,BRA,0.0010543955186829506,ROW,0.009298726250707632,2.9494273918808447
RUS,BRA,0.00004525178241357407,RUS,0.003652136548712009,3.793481397637001
SVK,BRA,2.2143400285935032e-7,SVK,0.0002553643149172569,7.403009397767963
SVN,BRA,4.161400322286318e-6,SVN,0.012543083230305938,2.749358591029113
SWE,BRA,5.200237173024283e-6,SWE,0.002312204397311124,4.3690974492242365
TUR,BRA,0.00002032557691240105,TUR,0.0029611606711663885,4.083314372507609
TWN,BRA,0.00003212685922375848,TWN,0.005908859210240905,3.5839615148427404
USA,BRA,0.0003154759862697592,USA,0.003873856568645182,4.140076297497962
AUS,CAN,0.00001298307298668373,AUS,0.0021397247996491385,3.9994309886242987
AUT,CAN,1.5990221796501263e-6,AUT,0.0006796081247568198,5.3855188858324015
BEL,CAN,0.000017689619290803673,BEL,0.005821924212086226,3.099460499711142
BGR,CAN,1.6723123475322885e-6,BGR,0.0028372844140542495,3.4803364880671706
BRA,CAN,0.000015969723258449454,BRA,0.0010436609857312348,4.832632547997579
CAN,CAN,0.005632125872914168,CAN,0.6074522124048823,1.0
CHE,CAN,4.762055977025278e-6,CHE,0.001533258030123157,4.55919514670988
CHN,CAN,0.0001688012771052251,CHN,0.0009382815714146632,5.157147193108157
CYP,CAN,9.70505216402056e-8,CYP,0.0008266233760718591,4.801240700373947
CZE,CAN,8.292876111868159e-7,CZE,0.0005079655078739957,5.771022032186398
DEU,CAN,0.00002109611945121155,DEU,0.0011407246232999872,4.95582663666214
DNK,CAN,2.5781708380737774e-6,DNK,0.0018496991602504705,4.092682489071648
ESP,CAN,0.000011098603413185256,ESP,0.0012841111373462202,4.4918243646785205
EST,CAN,2.6244472471461766e-7,EST,0.0013431455295975934,4.352506965661319
FIN,CAN,4.051157983910655e-6,FIN,0.0027171660023068167,3.7727598248780154
FRA,CAN,0.000024939080255342986,FRA,0.001949183028823481,4.262062219631078
GBR,CAN,0.00008655147390116273,GBR,0.007695881805308981,2.995832053434903
GRC,CAN,1.3553691165496697e-6,GRC,0.0009522889891246548,4.633093150792353
HRV,CAN,1.9309832509563797e-7,HRV,0.0005375655136800517,5.205421694556973
HUN,CAN,1.3608783720792398e-6,HUN,0.0013232935098315176,4.4272449199359265
IDN,CAN,0.000012092157570952782,IDN,0.0013542753222711584,4.388156940247294
IND,CAN,0.000025571926708245074,IND,0.0011073998557625708,4.816086697445913
IRL,CAN,0.00001482270622827516,IRL,0.021416293837999124,2.2267945425493414
ITA,CAN,0.000030767710989258745,ITA,0.0024664186927425623,3.932918390277238
JPN,CAN,0.00015897574093145446,JPN,0.005338885684550715,3.5992273687379477
KOR,CAN,0.00004858399357323522,KOR,0.0033452453529841434,3.7966722268334356
LTU,CAN,2.791050433791082e-7,LTU,0.0006502176510188915,5.044640712322462
LUX,CAN,2.8223025203269687e-7,LUX,0.0013316944397752074,4.391280358930817
LVA,CAN,1.313217034440667e-7,LVA,0.0005992476954329199,5.205456103150124
MEX,CAN,0.00006739344768478647,MEX,0.00740258189462317,2.9416702263678256
MLT,CAN,3.7824428495319493e-7,MLT,0.007446194298157572,2.869547637211963
NLD,CAN,0.000019456685661184102,NLD,0.004325517282225118,3.369427938521554
NOR,CAN,0.000024052118682896162,NOR,0.011553091069573234,2.5637331652167736
POL,CAN,2.40925266023057e-6,POL,0.0005166925094643526,5.630052879386518
PRT,CAN,1.3691850144731234e-6,PRT,0.0008694334866819134,4.808859432281952
ROU,CAN,1.991085287316734e-6,ROU,0.0011156908665718307,4.5647548800910265
ROW,CAN,0.00032647880605168037,ROW,0.0028792203592865433,3.563365219736865
RUS,CAN,9.669018795766498e-6,RUS,0.0007803577019677697,5.02848047467257
SVK,CAN,2.0662891120441845e-6,SVK,0.002382906404186286,3.8173070514880645
SVN,CAN,1.0808886381929877e-7,SVN,0.00032579600859207784,6.172079501101067
SWE,CAN,3.356703221238331e-6,SWE,0.0014925057627904162,4.392934935421476
TUR,CAN,8.91070414816513e-6,TUR,0.0012981686468071232,4.522525450092038
TWN,CAN,0.00002220083664160356,TWN,0.0040832381762292355,3.542611741583999
USA,CAN,0.0032216226334267216,USA,0.03955960055078338,2.0872128628740123
AUS,CHE,0.00002008597567473898,AUS,0.003310345734054626,3.4049608887929947
AUT,CHE,0.00004568914624349507,AUT,0.019418564292257554,2.2117227916328974
BEL,CHE,0.000016709229484764987,BEL,0.005499262935140235,2.985172282459249
BGR,CHE,2.378174538531561e-6,BGR,0.004034866789109787,3.026094118221255
BRA,CHE,0.000022236688538068678,BRA,0.0014532226954377728,4.224092041371747
CAN,CHE,0.000054160362310392466,CAN,0.005841458918437651,3.0320787500872255
CHE,CHE,0.0016723159745865132,CHE,0.5384422000305255,1.0
CHN,CHE,0.00006350565023672352,CHN,0.00035299603367739264,6.252348053189761
CYP,CHE,7.378156382800395e-7,CYP,0.006284310929257234,2.745419805544583
CZE,CHE,8.059054221461434e-6,CZE,0.004936431601492383,3.1034931142748703
DEU,CHE,0.00029245556410870376,DEU,0.015813868705636624,2.4386223867838677
DNK,CHE,7.75879674008237e-6,DNK,0.005566520109042426,2.9503949871140818
ESP,CHE,0.000053852739890207315,ESP,0.006230775215147332,2.873628866732407
EST,CHE,8.628735217596878e-7,EST,0.004416033565238983,3.0690568275313117
FIN,CHE,6.318360441739796e-6,FIN,0.004237809103174753,3.2054989078548575
FRA,CHE,0.00011998437554333473,FRA,0.009377711853786037,2.732445438185609
GBR,CHE,0.00007512601437275537,GBR,0.006679966279683448,2.9470077079247337
GRC,CHE,9.835127388334444e-6,GRC,0.00691020874253924,2.680298787728469
HRV,CHE,1.5476575636382835e-6,HRV,0.004308516569400451,2.937477878425788
HUN,CHE,4.93080138714052e-6,HUN,0.004794622067438786,3.0468549382266796
IDN,CHE,3.922313318812977e-6,IDN,0.0004392840651236535,5.520969007256214
IND,CHE,0.00002712178196131033,IND,0.0011745167962762453,4.506074657462678
IRL,CHE,5.915548315557061e-6,IRL,0.008546962949126255,2.6601495394535895
ITA,CHE,0.00012084714465557437,ITA,0.009687417326791974,2.652603950569573
JPN,CHE,0.00005142893148294229,JPN,0.001727138898408455,4.531405219697648
KOR,CHE,0.000015906131011061,KOR,0.0010952148420755182,4.765714792468004
LTU,CHE,9.647621837463643e-7,LTU,0.0022475602494052703,3.51285215816499
LUX,CHE,9.956650989385164e-7,LUX,0.004698014003052527,3.042331359581173
LVA,CHE,2.0174180577906994e-6,LVA,0.009205889736046179,2.496529592445128
MEX,CHE,0.00001339486560839506,MEX,0.001471309052140979,4.183180382943901
MLT,CHE,1.7993270143324854e-7,MLT,0.0035421919345857045,3.2807397931861546
NLD,CHE,0.000021265181981159736,NLD,0.004727573532869148,3.128951930664221
NOR,CHE,7.213695829439388e-6,NOR,0.0034649955774989005,3.289383264416578
POL,CHE,0.000015054315020573885,POL,0.00322857454290527,3.381120039024043
PRT,CHE,5.8564827337804e-6,PRT,0.003718870823956909,3.174981351585893
ROU,CHE,6.950768608940009e-6,ROU,0.0038948151051326294,3.170841243805297
ROW,CHE,0.000256933894718589,ROW,0.002265902983446478,3.5922083163930814
RUS,CHE,0.00004414853940971671,RUS,0.00356309709254929,3.2662247328322658
SVK,CHE,4.664906878322922e-6,SVK,0.0053797101337340085,2.956901792709983
SVN,CHE,2.9338256619125408e-6,SVN,0.008842989525304434,2.5675029576235624
SWE,CHE,7.621408548093272e-6,SWE,0.0033887405078405963,3.397949932624256
TUR,CHE,0.000011079982254693556,TUR,0.0016142030226852864,4.066464996387903
TWN,CHE,9.527674579519689e-6,TWN,0.0017523557873886334,4.155869896463218
USA,CHE,0.00016305811777791006,USA,0.0020022562353913986,4.178232300588815
AUS,CHN,0.00031674050565749616,AUS,0.05220162558616776,1.9588694672082059
AUT,CHN,0.00002067887470417032,AUT,0.008788828221793277,3.0913506253350427
BEL,CHN,0.00007304521006028532,BEL,0.024040295612692004,2.366773011813616
BGR,CHN,6.028047134847005e-6,BGR,0.010227326377230827,2.749446290900412
BRA,CHN,0.00024643232262572885,BRA,0.016104962909205565,2.6541320172893266
CAN,CHN,0.00032748124690144635,CAN,0.0353204478096054,2.216717223565236
CHE,CHN,0.000030378361169037538,CHE,0.009781041304244426,3.122730728507313
CHN,CHN,0.16763669960784428,CHN,0.9318082696540642,1.0
CYP,CHN,3.7967191264932516e-6,CYP,0.03233838138421986,2.08972744468166
CZE,CHN,0.000021813675178316094,CZE,0.01336158220752143,2.7738669921218033
DEU,CHN,0.0004276253771146715,DEU,0.023122868561243105,2.542375521824034
DNK,CHN,0.0000338670386920323,DNK,0.02429778201805481,2.340078824760459
ESP,CHN,0.00016725473458768163,ESP,0.019351413818676926,2.4816130317915213
EST,CHN,4.635929946711629e-6,EST,0.023725866809570194,2.3110191114968273
FIN,CHN,0.000021480260081286017,FIN,0.014407098574131,2.7063433013078435
FRA,CHN,0.00020994182663653825,FRA,0.01640858609581125,2.723666738437729
GBR,CHN,0.00032363898588008623,GBR,0.028776949376592257,2.3450909390189394
GRC,CHN,0.000025464611089907133,GRC,0.017891560651014337,2.422367231234812
HRV,CHN,4.863994073493331e-6,HRV,0.013540850089503106,2.529246173445466
HUN,CHN,8.105634407910294e-6,HUN,0.007881772262032963,3.084824346363195
IDN,CHN,0.00023479213134481837,IDN,0.026295819209927965,2.2754957717060953
IND,CHN,0.00029428184296942264,IND,0.012743962321494032,2.8463159648131726
IRL,CHN,0.000015082452034051675,IRL,0.021791582426602892,2.413419691246976
ITA,CHN,0.00018968913513824756,ITA,0.01520596799932484,2.7168579614772046
JPN,CHN,0.0010921749008828978,JPN,0.03667853289555323,2.4199576484899175
KOR,CHN,0.0006695235645022832,KOR,0.046099968902072685,2.1449825218377656
LTU,CHN,7.2547758013819434e-6,LTU,0.016901103696058677,2.431951888814312
LUX,CHN,1.4041264177760734e-6,LUX,0.006625325704195768,3.200584664687706
LVA,CHN,4.516833681846774e-6,LVA,0.020611232595328953,2.339770208706125
MEX,CHN,0.00020184812270559538,MEX,0.02217125417878598,2.434058665026037
MLT,CHN,3.1003716129461506e-6,MLT,0.061034549218227964,1.8460434173071445
NLD,CHN,0.00016254924637566743,NLD,0.036137170875577995,2.157326928974057
NOR,CHN,0.00002874442712512218,NOR,0.013806974291848973,2.669079798001434
POL,CHN,0.00007199547552819978,POL,0.015440274710409518,2.621172337655087
PRT,CHN,0.000015698726174389607,PRT,0.009968702615049032,2.8446597613092908
ROU,CHN,0.000012884736688878437,ROU,0.007219873067987703,3.1153716027337666
ROW,CHN,0.004273710448251683,ROW,0.03768990177682173,2.0392084774616137
RUS,CHN,0.0006693423424891384,RUS,0.054020626420050434,1.8976193965940045
SVK,CHN,8.066850740887665e-6,SVK,0.009302933544018527,2.956090171426243
SVN,CHN,0.000010652421602240475,SVN,0.03210799260182739,2.1323253950372916
SWE,CHN,0.00003951542002173505,SWE,0.01756991554343192,2.5815478129018112
TUR,CHN,0.00014026167074519493,TUR,0.02043422161509987,2.4715140867511596
TWN,CHN,0.00023819510324560105,TWN,0.04380949036581224,2.1306960569686297
USA,CHN,0.0020227481009608755,USA,0.02483813779385902,2.552341461203714
AUS,CYP,8.307651580413525e-8,AUS,0.00001369174164828887,13.611462980084957
AUT,CYP,8.493534501191477e-8,AUT,0.000036098780419512955,10.798187249754475
BEL,CYP,2.580391188198458e-7,BEL,0.00008492461984773462,8.584719963672931
BGR,CYP,7.326240218743408e-8,BGR,0.0001242987125995416,7.322545653977125
BRA,CYP,4.973668807740391e-9,BRA,3.2504158065736106e-7,35.01633587643183
CAN,CYP,1.2360482689681284e-8,CAN,1.333138272414739e-6,25.00869461228735
CHE,CYP,2.326630036900019e-8,CHE,7.491142910569265e-6,16.599185027776493
CHN,CYP,2.5185001171327925e-7,CHN,1.3999078016680618e-6,25.25804647961812
CYP,CYP,0.00004427300103769807,CYP,0.37709325996506177,1.0
CZE,CYP,2.385420346157364e-7,CZE,0.0001461147183779431,7.585244597061842
DEU,CYP,6.14884354115154e-7,DEU,0.00003324847135243079,11.545166003612279
DNK,CYP,6.13922028506315e-8,DNK,0.000044045609539040975,10.028580499702683
ESP,CYP,7.004494481750654e-8,ESP,8.104217297115544e-6,15.340073599716378
EST,CYP,5.8596150529837246e-8,EST,0.00029988470037399436,6.094856124981644
FIN,CYP,1.595544949351882e-8,FIN,0.00001070153400274527,14.49634397984726
FRA,CYP,2.2502796486036945e-7,FRA,0.000017587685096067167,13.311057621966732
GBR,CYP,7.981555198519288e-7,GBR,0.00007096945050352137,9.305634543375197
GRC,CYP,2.4075598180357157e-6,GRC,0.0016915633367911036,3.862984358972996
HRV,CYP,4.674676564115866e-8,HRV,0.0001301380997081373,7.143226899143207
HUN,CYP,8.984993780555848e-8,HUN,0.00008736845407808273,8.406993739094311
IDN,CYP,3.4156839763836163e-9,IDN,3.8254351969454805e-7,32.58145488195063
IND,CYP,1.1894438275806088e-8,IND,5.150921704604092e-7,31.566829733263503
IRL,CYP,3.25435559350642e-8,IRL,0.000047019912943373295,9.902105866664881
ITA,CYP,4.990453210435043e-7,ITA,0.00004000475397006664,10.608049252108
JPN,CYP,1.091781636319114e-8,JPN,3.666532588335423e-7,38.05746385683787
KOR,CYP,2.576580719463437e-8,KOR,1.7741017245486275e-6,24.082261215076258
LTU,CYP,6.335434232776035e-8,LTU,0.00014759357678194703,7.034931252206369
LUX,CYP,1.7366450549221193e-9,LUX,8.194304284697897e-6,15.091975207188456
LVA,CYP,7.118722718143342e-8,LVA,0.00032484182518164765,5.8394801839989015
MEX,CYP,5.858093168532462e-10,MEX,6.434603943876191e-8,52.14841676945448
MLT,CYP,5.481765812641837e-8,MLT,0.0010791516213650057,4.47670220833566
NLD,CYP,1.955610546014259e-7,NLD,0.00004347619816340073,10.243174905551413
NOR,CYP,5.4814536420602074e-8,NOR,0.000026329378278595806,11.29455208837499
POL,CYP,2.3415647231160284e-7,POL,0.000050217603692268454,9.70595586060749
PRT,CYP,1.7446497501195045e-8,PRT,0.000011078538687255733,13.777243887995676
ROU,CYP,2.488733095574465e-7,ROU,0.00013945443732394825,7.389705646309381
ROW,CYP,3.5938855967145852e-6,ROW,0.000031694518563539824,10.589240597057369
RUS,CYP,3.6336926909415e-6,RUS,0.00029326451192769696,6.181973133459335
SVK,CYP,1.295391153105762e-7,SVK,0.00014938838213245987,7.343218104588177
SVN,CYP,6.5665512988683535e-9,SVN,0.000019792568149878743,11.966694582120635
SWE,CYP,1.2770225398891134e-7,SWE,0.00005678081660417454,9.574479187399426
TUR,CYP,4.512622877813384e-9,TUR,6.574279021538564e-7,29.019074557945334
TWN,CYP,1.0727353556576045e-8,TWN,1.9730040033732686e-6,22.99982530177024
USA,CYP,5.372603638392688e-8,USA,6.597236176802969e-7,31.439164920690278
AUS,CZE,3.193363584538585e-6,AUS,0.0005262944499458609,5.431158353189773
AUT,CZE,0.000043838305910840126,AUT,0.018631929720387425,2.2508145300121494
BEL,CZE,0.000014265577075205663,BEL,0.004695019559674695,3.127918055840793
BGR,CZE,4.169224774421697e-6,BGR,0.0070736046938905525,2.6487973423290354
BRA,CZE,2.603454306899272e-6,BRA,0.00017014218995981128,7.27331853322876
CAN,CZE,3.427801342048255e-6,CAN,0.00036970507334102863,6.0887221007566
CHE,CZE,8.788664446289965e-6,CHE,0.0028297211123397186,3.7408307591322183
CHN,CZE,8.916230768963232e-6,CHN,0.00004956085143706317,10.28774307283505
CYP,CZE,4.076530445931965e-7,CYP,0.003472166149058592,3.2073196908673944
CZE,CZE,0.0007694209537053287,CZE,0.47129524213979357,1.0
DEU,CZE,0.00024452615824426503,DEU,0.013222195219138417,2.5686054164852243
DNK,CZE,0.000012267372382831293,DNK,0.008801181077649567,2.650086591392941
ESP,CZE,0.000012734018402573302,ESP,0.0014733290527788282,4.150595941918278
EST,CZE,1.260705356343338e-6,EST,0.006452066298355211,2.8116257548868053
FIN,CZE,3.795506386463962e-6,FIN,0.0025456970465720843,3.667317388823934
FRA,CZE,0.000029443306655696884,FRA,0.002301223343368263,3.9102562939995975
GBR,CZE,0.000023973326749505185,GBR,0.0021316319737654465,3.949262301211633
GRC,CZE,1.6859038162264313e-6,GRC,0.0011845242903296084,4.195552941578417
HRV,CZE,3.6762669265549247e-6,HRV,0.010234342104312356,2.38320148485758
HUN,CZE,0.00003150366378459819,HUN,0.030633592742295133,1.9302345544047657
IDN,CZE,2.1176666268148215e-6,IDN,0.0002371705493138515,6.4871759667609785
IND,CZE,1.5668228028892473e-6,IND,0.00006785172528144376,9.257466813643125
IRL,CZE,1.32103263108334e-6,IRL,0.0019086678613988862,3.897585158745278
ITA,CZE,0.000036721968038909086,ITA,0.0029437272222519128,3.598481051221542
JPN,CZE,4.77344751599314e-6,JPN,0.0001603067893237765,8.268865630469767
KOR,CZE,3.657836811772621e-6,KOR,0.00025185993774084624,6.931580991970632
LTU,CZE,3.6227318134325337e-6,LTU,0.00843970478456009,2.5417046938335406
LUX,CZE,7.526669171976433e-7,LUX,0.00355143483526609,3.2862706261831343
LVA,CZE,1.2843545812682903e-6,LVA,0.005860771698499541,2.8150340750906713
MEX,CZE,3.392020334396423e-6,MEX,0.0003725838219620408,5.939443663437821
MLT,CZE,6.396863575206009e-8,MLT,0.0012592996371560514,4.279339436386569
NLD,CZE,0.000014957193617228483,NLD,0.0033252117350068573,3.441302381310495
NOR,CZE,4.195149982118177e-6,NOR,0.0020150802693483893,3.793903312818733
POL,CZE,0.00006721593667701925,POL,0.014415246508152603,2.342755534801224
PRT,CZE,1.9483084920548208e-6,PRT,0.0012371773189695941,4.210708349265022
ROU,CZE,0.000010909994112314652,ROU,0.00611333972632866,2.853289078020097
ROW,CZE,0.00005102373851381063,ROW,0.00044997893894717746,5.419921440951376
RUS,CZE,0.000014699347148892743,RUS,0.001186340517463758,4.330817003542887
SVK,CZE,0.00009030569932116991,SVK,0.10414323339005012,1.419835569905105
SVN,CZE,4.284694123760543e-6,SVN,0.012914709196063148,2.3523869912001163
SWE,CZE,8.684934528697115e-6,SWE,0.0038616207567959927,3.312480616771225
TUR,CZE,9.166935663227971e-6,TUR,0.0013354981006468583,4.29452322156586
TWN,CZE,7.450288037542256e-7,TWN,0.00013702772120663292,7.91561390593825
USA,CZE,0.00002053399233377367,USA,0.00025214515381427626,7.06446106993696
AUS,DEU,0.00005327316180168917,AUS,0.00877988636278259,2.6842015427964614
AUT,DEU,0.0005363872813024465,AUT,0.2279725441138822,1.2020463534578776
BEL,DEU,0.0002846695779736313,BEL,0.09368911117893008,1.4781895276857677
BGR,DEU,0.000026505998235710073,BGR,0.04497069927403474,1.6661503958335735
BRA,DEU,0.00010153608820665832,BRA,0.006635634956854193,2.9070511492961852
CAN,DEU,0.00007548911007466766,CAN,0.008141868268225654,2.807350704603933
CHE,DEU,0.0003754296464994367,CHE,0.1208785707305229,1.4615185185639596
CHN,DEU,0.00030700539666987425,CHN,0.0017064889019804406,4.241960445796181
CYP,DEU,4.958374415889769e-6,CYP,0.04223272714273738,1.7154093621494881
CZE,DEU,0.00026991035888813264,CZE,0.1653288324624166,1.297847893433292
DEU,DEU,0.010594138110313922,DEU,0.5728538953822547,1.0
DNK,DEU,0.0001696805218587701,DNK,0.12173666467638762,1.3725483007717465
ESP,DEU,0.000265688649002051,ESP,0.030740241861844205,1.939752220389331
EST,DEU,0.000013706840300457177,EST,0.07014917634365304,1.5465510370630957
FIN,DEU,0.00008005254901606503,FIN,0.05369231845519877,1.709266655305311
FRA,DEU,0.000778163692688215,FRA,0.060819542978515474,1.7225498961570411
GBR,DEU,0.0004914571079065677,GBR,0.04369880308620738,1.8538062113616232
GRC,DEU,0.00005575040706436502,GRC,0.03917050944894138,1.7475237054142236
HRV,DEU,0.00002192470952202914,HRV,0.06103609511194956,1.5232344047798962
HUN,DEU,0.00012007834774606594,HUN,0.11676201305255875,1.379818166254365
IDN,DEU,0.000018464102352369505,IDN,0.002067908726542719,3.7707323703422726
IND,DEU,0.00005770275441742582,IND,0.0024988348609006968,3.753493610980584
IRL,DEU,0.00004191535790417618,IRL,0.06056057560449901,1.640281500760066
ITA,DEU,0.0005439449651839007,ITA,0.04360402470047695,1.832102001945706
JPN,DEU,0.00012505264820967868,JPN,0.004199645741105098,3.65063515562537
KOR,DEU,0.00010781563350665997,KOR,0.00742363318535197,2.9713624536681036
LTU,DEU,0.00002260469457578943,LTU,0.052661074236143544,1.6062833537542545
LUX,DEU,0.0000511170881782336,LUX,0.24119434969914694,1.1434052645422477
LVA,DEU,0.000010114682347852209,LVA,0.04615535686809068,1.6784349386782533
MEX,DEU,0.00007058352995057276,MEX,0.007752984582634024,2.777616081764491
MLT,DEU,2.377247708346576e-6,MLT,0.04679898424212506,1.7311614845235161
NLD,DEU,0.000558884684116353,NLD,0.12424856946417295,1.390248688996313
NOR,DEU,0.0000647879466502608,NOR,0.031119963182012152,1.9115570332233023
POL,DEU,0.00043565262893756427,POL,0.09343081936410529,1.4665525653952596
PRT,DEU,0.0000536706705190274,PRT,0.034080915076236507,1.8357900829712843
ROU,DEU,0.00007970133202110118,ROU,0.0446600900302902,1.7334973835519145
ROW,DEU,0.0009006647839911439,ROW,0.007942973126865769,2.6410884599374485
RUS,DEU,0.00021743333727439166,RUS,0.017548396894307254,2.2057205750846234
SVK,DEU,0.00009337401389119792,SVK,0.10768170552173768,1.4063648952687375
SVN,DEU,0.00003168555375276136,SVN,0.09550500003346556,1.4248235413377244
SWE,DEU,0.0001452626553927596,SWE,0.06458877535558527,1.6360409526750312
TUR,DEU,0.00015871698724736742,TUR,0.023122910730084774,2.1028235437415588
TWN,DEU,0.00005036773080668668,TWN,0.009263769856965417,2.757258312643531
USA,DEU,0.0005132179744736109,USA,0.006302010004214228,3.1558009523496375
AUS,DNK,9.401756834773028e-6,AUS,0.0015494923490199967,4.168295527475068
AUT,DNK,4.957105202426872e-6,AUT,0.0021068431781107195,3.902135223483284
BEL,DNK,8.707709179379868e-6,BEL,0.0028658402461828186,3.5576066036556946
BGR,DNK,1.2091986439330598e-6,BGR,0.0020515548252630256,3.6286438544337676
BRA,DNK,7.33740518307633e-6,BRA,0.0004795176098012376,5.6433978793295685
CAN,DNK,0.000011317418760591643,CAN,0.0012206387463561373,4.540978186705111
CHE,DNK,6.897799788324873e-6,CHE,0.0022209119268349125,3.9955570272192458
CHN,DNK,0.00003968606363460437,CHN,0.00022059490774543598,7.120526826718013
CYP,DNK,4.506158973875345e-7,CYP,0.003838100281326268,3.1446295722046016
CZE,DNK,6.499505919420458e-6,CZE,0.00398115778018624,3.3160961533103186
DEU,DNK,0.00013503898866672778,DEU,0.007301925827350095,2.995505555824286
DNK,DNK,0.0006180400247117002,DNK,0.4434105365820208,1.0
ESP,DNK,0.000019341619586774915,ESP,0.0022378301306077036,3.7586753388410132
EST,DNK,1.9921568843254513e-6,EST,0.010195505420611588,2.5210776752503663
FIN,DNK,0.00003132464413242008,FIN,0.021009859010437608,2.1752069955429927
FRA,DNK,0.000031761620486933714,FRA,0.002482417594682541,3.857291006446729
GBR,DNK,0.00006564679707480513,GBR,0.005837104423683496,3.086390466138794
GRC,DNK,6.431672594419289e-6,GRC,0.004518924711013095,3.0180235224433485
HRV,DNK,7.739680733256936e-7,HRV,0.002154646057666323,3.5370235951328777
HUN,DNK,0.000016434365866927716,HUN,0.015980480060591173,2.2833280535923555
IDN,DNK,1.702044003838836e-6,IDN,0.00019062240781211643,6.887848387044282
IND,DNK,1.5068019675401245e-6,IND,0.00006525250523961027,9.398083265460796
IRL,DNK,5.099772409880486e-6,IRL,0.00736830527131283,2.7953905900524814
ITA,DNK,0.000021661859190502885,ITA,0.0017364702380903618,4.12793617287143
JPN,DNK,0.00002658662624860315,JPN,0.0008928592340410551,5.4112096881054885
KOR,DNK,8.915684240792242e-6,KOR,0.0006138884245945316,5.577067647446261
LTU,DNK,3.2187940428714836e-6,LTU,0.007498670308249105,2.631885784644532
LUX,DNK,4.1602347041318445e-7,LUX,0.001962993472085478,3.8316053598671087
LVA,DNK,2.4610808190980166e-6,LVA,0.011230413331843532,2.405357429688492
MEX,DNK,3.5103384848172093e-6,MEX,0.00038558003788805777,5.920103898073898
MLT,DNK,2.135018902317307e-7,MLT,0.00420304184605486,3.1829093903571004
NLD,DNK,0.000026233042986873756,NLD,0.005832004627152473,3.0062797713046794
NOR,DNK,0.00006590178312660864,NOR,0.031654978596558976,1.9158214824517028
POL,DNK,0.00002389076417418813,POL,0.005123654773925187,3.0503082153039873
PRT,DNK,3.7634351553656074e-6,PRT,0.0023897840791735,3.590704627411643
ROU,DNK,2.9063059482194603e-6,ROU,0.0016285284324819712,3.992755979607507
ROW,DNK,0.00010855816311821798,ROW,0.0009573756936836052,4.511558962655325
RUS,DNK,0.000012843318586693192,RUS,0.0010365459815157318,4.50330362614933
SVK,DNK,1.8687341120561296e-6,SVK,0.00215508006957194,3.7634501003502656
SVN,DNK,5.650945172470682e-7,SVN,0.0017032794285278693,3.9243221353611117
SWE,DNK,0.00010100582775175589,SWE,0.04491066682365131,1.8032858432459284
TUR,DNK,3.541151188476139e-6,TUR,0.0005158976630853703,5.476348559178472
TWN,DNK,2.7928040727046303e-6,TWN,0.0005136601107647424,5.719050741491976
USA,DNK,0.00005668360435511365,USA,0.0006960407847898072,5.5098429359961845
AUS,ESP,0.00001641752143073925,AUS,0.0027057521582259077,3.9965108770401274
AUT,ESP,0.000016802613535137347,AUT,0.007141359776589732,3.1696570921318106
BEL,ESP,0.00004975689969192007,BEL,0.016375756553750814,2.5361078297333073
BGR,ESP,0.00003543701814270493,BGR,0.06012327745185955,1.7189039373549282
BRA,ESP,0.000041062640003972244,BRA,0.0026835452718692553,4.044005341284741
CAN,ESP,0.000024417801255144187,CAN,0.0026335788171625786,4.1295883761654375
CHE,ESP,0.000038865515224765516,CHE,0.012513683921554879,2.8583210895350786
CHN,ESP,0.00004486231126498274,CHN,0.0002493670701600325,7.611116390427362
CYP,ESP,3.909469932893335e-6,CYP,0.03329873121713255,2.0194764519514314
CZE,ESP,0.000016092857460631125,CZE,0.009857396158896423,2.91364107434871
DEU,ESP,0.0002124632132083996,DEU,0.011488464473893453,2.9478890137160625
DNK,ESP,0.000011959724060950925,DNK,0.008580459923631807,2.955091969330803
ESP,ESP,0.005696664730227409,ESP,0.6591055066551834,1.0
EST,ESP,1.3328082022861187e-6,EST,0.006821075869054788,3.072361666665926
FIN,ESP,8.97307903711795e-6,FIN,0.006018364475663606,3.2770562478012315
FRA,ESP,0.0003738478245672676,FRA,0.029219114239506842,2.295257919406453
GBR,ESP,0.00012307550267628997,GBR,0.010943482289017292,2.907090091461947
GRC,ESP,0.00003191550358086276,GRC,0.022423989355603934,2.228693355971712
HRV,ESP,2.784494961923739e-6,HRV,0.0077517423509742495,2.830604877305772
HUN,ESP,8.960198123664134e-6,HUN,0.008712734559616395,2.9286959621396194
IDN,ESP,5.092225534652414e-6,IDN,0.0005703097513039965,5.772268292208309
IND,ESP,0.00001128091272080739,IND,0.0004885232646887081,6.262019484677497
IRL,ESP,0.00001379279934315984,IRL,0.019928253250961547,2.4025046360446254
ITA,ESP,0.0002169705066701572,ITA,0.017392912771831553,2.5574306814705183
JPN,ESP,0.000039228191048307,JPN,0.0013174011732326428,5.4113763827921595
KOR,ESP,0.00002949297482443602,KOR,0.0020307354278812336,4.557871514423376
LTU,ESP,4.658467662763281e-6,LTU,0.010852608983188789,2.6447017681601377
LUX,ESP,2.0999771883532564e-6,LUX,0.009908675364329201,2.817433844192595
LVA,ESP,1.9610955176459027e-6,LVA,0.008948878507151536,2.80597336274312
MEX,ESP,0.00003945960130823793,MEX,0.004334292727976146,3.5634900095276083
MLT,ESP,1.779253952794521e-6,MLT,0.03502675695394132,2.0647256975154518
NLD,ESP,0.00007270440467620844,NLD,0.016163295455208032,2.5680207164508486
NOR,ESP,0.000010556325748013667,NOR,0.0050705800322534186,3.337707507811468
POL,ESP,0.000038794433595079466,POL,0.008319921599908691,2.9782148320042485
PRT,ESP,0.00023318650927452365,PRT,0.1480736041240927,1.4105779045078646
ROU,ESP,0.0000103334526168247,ROU,0.005790278687800942,3.204747958993166
ROW,ESP,0.0005105328439453641,ROW,0.004502395044103618,3.3766300318729545
RUS,ESP,0.000040973674657948115,RUS,0.003306863216694857,3.713825175182281
SVK,ESP,5.591046546315415e-6,SVK,0.006447762098566258,3.1538926332795127
SVN,ESP,6.089966389673787e-6,SVN,0.0183560699234714,2.3871974439656802
SWE,ESP,0.000016790207489312787,SWE,0.007465504033151126,3.1126787928545863
TUR,ESP,0.00006781530907496564,TUR,0.009879770055297265,2.8853094926685383
TWN,ESP,0.00003360040494963583,TWN,0.006179877742535608,3.3845043799101617
USA,ESP,0.00015305058218395044,USA,0.001879369679254409,4.7374209720701455
AUS,EST,5.806170074596946e-7,AUS,0.00009569079764350259,8.24383547738664
AUT,EST,4.953355336805061e-7,AUT,0.00021052494296463386,6.842668118331571
BEL,EST,1.6204278173062727e-6,BEL,0.0005333075736919841,5.340322409349942
BGR,EST,1.2650095758900853e-7,BGR,0.00021462449635073426,6.2905164561528535
BRA,EST,1.379625335674595e-7,BRA,9.016193420935548e-6,15.025433270664525
CAN,EST,5.197462427423076e-7,CAN,0.00005605716423372118,9.671178981850554
CHE,EST,4.620709308679963e-7,CHE,0.00014877480833024585,7.743170388950406
CHN,EST,9.569994451391024e-7,CHN,5.319479559792282e-6,17.81495418576681
CYP,EST,5.3717552485447454e-8,CYP,0.0004575367946445155,5.2763435529722384
CZE,EST,4.3645753612602515e-7,CZE,0.0002673443700508206,6.422479102034249
DEU,EST,6.625322234600468e-6,DEU,0.00035824921392695345,6.275150849824866
DNK,EST,2.9550547909543753e-6,DNK,0.0021200931624089773,3.7493308395648604
ESP,EST,1.7641166994569566e-6,ESP,0.00020410873485756837,6.743217909349243
EST,EST,0.00007603830653229987,EST,0.38915055963912687,1.0
FIN,EST,0.000014353104517233284,FIN,0.009626819733190335,2.6066136436993244
FRA,EST,2.214738249136431e-6,FRA,0.0001730990142500583,7.400626123882284
GBR,EST,2.444497191929743e-6,GBR,0.0002173569162321137,6.927042731405638
GRC,EST,1.1036797934259631e-7,GRC,0.00007754508362079843,8.221173767994067
HRV,EST,3.1131508134743896e-8,HRV,0.0000866668582122588,7.786811770415419
HUN,EST,3.116413434495689e-7,HUN,0.00030303440457497187,6.066438254249429
IDN,EST,1.7905339469692282e-8,IDN,2.0053294243321183e-6,21.204187379926918
IND,EST,6.09662786856216e-7,IND,0.00002640162745385537,11.617746866728973
IRL,EST,2.0288496298526277e-7,IRL,0.0002931343248451854,6.171045248850561
ITA,EST,1.059704826408842e-6,ITA,0.00008494865911723932,8.653696820512234
JPN,EST,1.365908916711409e-6,JPN,0.0000458713481635855,11.205873983052
KOR,EST,1.074030832857338e-6,KOR,0.0000739522708680131,9.33321763661307
LTU,EST,5.710526306049108e-6,LTU,0.013303539613067319,2.248341618629698
LUX,EST,2.0173597131329828e-8,LUX,0.00009518847443379186,8.050176317693783
LVA,EST,7.081169326036076e-6,LVA,0.03231281873681119,1.8208570114683533
MEX,EST,6.618658006096436e-8,MEX,7.2700180218992465e-6,15.751252389535306
MLT,EST,1.4082837184431144e-8,MLT,0.00027723761102581827,6.192174195685916
NLD,EST,2.3540508163378297e-6,NLD,0.0005233413165336476,5.415375828048486
NOR,EST,8.036531612094768e-6,NOR,0.003860232972493182,3.196341430259945
POL,EST,1.8412630737426643e-6,POL,0.00039488047636527124,5.707728043793544
PRT,EST,2.394769642836928e-7,PRT,0.0001520680476606678,7.048567335154414
ROU,EST,1.5915437595857142e-7,ROU,0.00008918105355055583,8.1375646828692
ROW,EST,7.193384929060094e-6,ROW,0.00006343854472641106,8.766978312884094
RUS,EST,0.00001819251281985435,RUS,0.0014682635122538626,4.069755971779197
SVK,EST,3.2780393663763316e-7,SVK,0.00037803330394482976,5.733376967951982
SVN,EST,8.16487238525406e-8,SVN,0.000246101470566527,6.275503431368637
SWE,EST,0.000010248332655324836,SWE,0.004556761363437648,3.150132896564611
TUR,EST,5.308541977571432e-7,TUR,0.000077338251174704,8.67709563185062
TWN,EST,8.17162063734629e-8,TWN,0.00001502946663079675,13.633206600438518
USA,EST,2.258478452444505e-6,USA,0.000027732765626936122,12.158796614197488
AUS,FIN,5.168679644492172e-6,AUS,0.0008518439377260667,5.174604718428903
AUT,FIN,3.83722046687205e-6,AUT,0.0016308755681800505,4.446993443790139
BEL,FIN,0.000022682537025949413,BEL,0.007465169788677663,2.9934521645439
BGR,FIN,4.856953412122147e-7,BGR,0.0008240421256433796,4.87235699646467
BRA,FIN,4.024533074181772e-6,BRA,0.0002630132086406812,7.00985038998577
CAN,FIN,0.00001069055639774536,CAN,0.001153028586750933,4.92376722260706
CHE,FIN,5.577514840770698e-6,CHE,0.0017958145513200798,4.504080294813823
CHN,FIN,0.000027991097481376385,CHN,0.00015558846106404186,8.305733257812863
CYP,FIN,2.692007905674816e-7,CYP,0.0022929054123488344,3.8235200052442235
CZE,FIN,3.298437742993758e-6,CZE,0.002020399895897079,4.199827529061004
DEU,FIN,0.00008611865515683496,DEU,0.004656670184773734,3.583207362963054
DNK,FIN,0.000016795038583729308,DNK,0.012049538496800486,2.632814292234512
ESP,FIN,0.000012074456459873895,ESP,0.0013970175742207393,4.520145913875313
EST,FIN,0.00001693956932391507,EST,0.0866937098296257,1.5781665994850065
FIN,FIN,0.0009156591152682749,FIN,0.6141448513216426,1.0
FRA,FIN,0.000018940183843879588,FRA,0.0014803226315203602,4.692165783469521
GBR,FIN,0.000040231876672176986,GBR,0.0035772905268882113,3.7288336519993237
GRC,FIN,1.8675833059984297e-6,GRC,0.0013121731909479805,4.394858883579975
HRV,FIN,2.7004044719583035e-7,HRV,0.0007517643233793985,4.9195212617164925
HUN,FIN,2.223103282046809e-6,HUN,0.0021617054140723713,4.024648610734867
IDN,FIN,1.8727227616421536e-6,IDN,0.0002097377748070171,7.189012367723325
IND,FIN,3.466547489402503e-6,IND,0.0001501198651770218,8.157186139766472
IRL,FIN,2.8293912971023187e-6,IRL,0.0040879900382719695,3.462328513666934
ITA,FIN,0.000016237609037900953,ITA,0.0013016484219611206,4.742285688476414
JPN,FIN,0.000017227179420781132,JPN,0.000578540732415592,6.447152675009675
KOR,FIN,0.000014111707766044902,KOR,0.0009716600335843578,5.315094819060568
LTU,FIN,4.717655237356494e-6,LTU,0.010990495440758924,2.556937506534006
LUX,FIN,2.431425660983787e-7,LUX,0.001147260440770803,4.6844252073383235
LVA,FIN,8.494004725656444e-6,LVA,0.03875987459311265,1.886445630614009
MEX,FIN,5.203405790745347e-6,MEX,0.0005715487012492483,5.735297911049248
MLT,FIN,4.278409765848859e-8,MLT,0.0008422564906060017,5.085286672474197
NLD,FIN,0.000031260146033683466,NLD,0.006949606128619018,3.0757790867898223
NOR,FIN,0.000015910834484290498,NOR,0.007642541690958443,2.9215775504235104
POL,FIN,0.00001836233894811706,POL,0.003938019099179757,3.4824153050610263
PRT,FIN,1.2629577440877931e-6,PRT,0.000801979092209622,5.043010979863903
ROU,FIN,1.457045134156995e-6,ROU,0.0008164451611978042,5.07225616008696
ROW,FIN,0.00006546147723776767,ROW,0.0005773055234161752,5.472769244518717
RUS,FIN,0.0000423521591221352,RUS,0.0034181165911471127,3.5722593564178537
SVK,FIN,1.3489677121061765e-6,SVK,0.0015556699115731455,4.364494793393348
SVN,FIN,5.237506592029004e-7,SVN,0.001578662854214481,4.275383785576163
SWE,FIN,0.00008285816794198864,SWE,0.03684159277627531,2.0254833507733614
TUR,FIN,0.000011810997008715286,TUR,0.001720701950070261,4.331784947345618
TWN,FIN,1.611381722662831e-6,TWN,0.0002963697032086109,7.014484934154192
USA,FIN,0.000056880986661615255,USA,0.0006984645215490348,5.884683790229269
AUS,FRA,0.000024537817513494053,AUS,0.004044048486574776,3.3724204434330387
AUT,FRA,0.00003367163328114244,AUT,0.014310943176975543,2.4856114673896537
BEL,FRA,0.0002340605850362873,BEL,0.07703291770819781,1.6067258110834828
BGR,FRA,6.6891302685921575e-6,BGR,0.011348935551818977,2.433135441552329
BRA,FRA,0.000054475561655149475,BRA,0.00356011293716032,3.515732368239482
CAN,FRA,0.00004231498801886839,CAN,0.00456387759612478,3.3581697633227914
CHE,FRA,0.00010375634715859849,CHE,0.0334068421758753,2.0863696270709156
CHN,FRA,0.0001007128279474782,CHN,0.0005598120588226841,5.801501057915064
CYP,FRA,4.872473212306656e-6,CYP,0.041501067572912956,1.7832970735747486
CZE,FRA,0.00003221656455127972,CZE,0.019733688714854807,2.285426897572626
DEU,FRA,0.0005282553841098143,DEU,0.028564207054214946,2.190351835170354
DNK,FRA,0.00003121440298336937,DNK,0.0223946583110044,2.169228653707675
ESP,FRA,0.00025929157574642366,ESP,0.030000098916992988,2.0199976419221284
EST,FRA,2.06553313491965e-6,EST,0.01057103205034819,2.5692064852984124
FIN,FRA,0.00001673389269642822,FIN,0.0112236463010246,2.616452309448441
FRA,FRA,0.007863068016894594,FRA,0.6145599026143742,1.0
GBR,FRA,0.00026602603261623826,GBR,0.0236541887950719,2.236985454196403
GRC,FRA,0.000029656455077560334,GRC,0.02083677079696519,2.1179403944152906
HRV,FRA,3.233301516682977e-6,HRV,0.009001172795451855,2.544175741761383
HUN,FRA,0.00002474360160248027,HUN,0.02406023057034251,2.119731053273956
IDN,FRA,9.976766526693755e-6,IDN,0.0011173596294856824,4.552173047715928
IND,FRA,0.00001628968952990251,IND,0.0007054298270773152,5.32985104416523
IRL,FRA,0.00002238039516704528,IRL,0.032335871178076465,1.98610955339995
ITA,FRA,0.00034538805199215854,ITA,0.027687192849048633,2.124320394293933
JPN,FRA,0.00008543254517301808,JPN,0.0028690829792428606,4.1561793020815925
KOR,FRA,0.000044319479112391986,KOR,0.003051612694702044,3.840925297447888
LTU,FRA,5.011029767120537e-6,LTU,0.011673956030730572,2.422972752609003
LUX,FRA,0.000022639969968793085,LUX,0.10682597597874287,1.4507120185350535
LVA,FRA,2.4259704933801613e-6,LVA,0.011070197760307899,2.4824450914715293
MEX,FRA,0.00002495788783930289,MEX,0.002741406100951945,3.728246001409506
MLT,FRA,1.08552924072156e-6,MLT,0.021369950490446727,2.179737849037774
NLD,FRA,0.00015098655031730944,NLD,0.033566607599771855,1.9959374962905398
NOR,FRA,0.000025933660035829456,NOR,0.012456862537201336,2.4874440285847985
POL,FRA,0.00006299478493630653,POL,0.013509970975311666,2.461586070871504
PRT,FRA,0.0000440232077929449,PRT,0.027954769181483617,1.996619507526851
ROU,FRA,0.000023207829925138063,ROU,0.01300434694855441,2.4425271990229214
ROW,FRA,0.0006155476182696199,ROW,0.005428521551110068,3.0065386122344484
RUS,FRA,0.00005914056189240043,RUS,0.0047730585642922745,3.1613248274333485
SVK,FRA,0.00001519892023286476,SVK,0.01752784939363098,2.291710723226183
SVN,FRA,4.359396000652563e-6,SVN,0.013139871830452978,2.4214654871956616
SWE,FRA,0.000042752245892329434,SWE,0.01900911971091534,2.2990657311093723
TUR,FRA,0.000055324914202224415,TUR,0.008060089058103346,2.8326111007786863
TWN,FRA,0.00001697363394585814,TWN,0.003121836858489779,3.745676786295672
USA,FRA,0.00022783473977143652,USA,0.002797674440026781,4.001644810183774
AUS,GBR,0.00003138627439428627,AUS,0.005172734510460552,3.1893190453543445
AUT,GBR,0.000012525305649279586,AUT,0.00532344053299838,3.2009907428711935
BEL,GBR,0.000078070454690411,BEL,0.025694180464752938,2.126348164031325
BGR,GBR,3.0823749998788077e-6,BGR,0.005229629834601071,2.970089535109915
BRA,GBR,0.000020416865841017138,BRA,0.001334292772913537,4.519091965863856
CAN,GBR,0.0000488374528690433,CAN,0.005267357204530935,3.2585182896509077
CHE,GBR,0.00006945366599475988,CHE,0.02236227201480289,2.3198149255006077
CHN,GBR,0.00010947165647244714,CHN,0.0006084979901917723,5.714370074917304
CYP,GBR,3.435873011750166e-6,CYP,0.029264891117808233,1.9571945494348821
CZE,GBR,0.000013160031272962011,CZE,0.00806094517635559,2.875114351761591
DEU,GBR,0.00024779983857465404,DEU,0.013399212028809218,2.661839227473572
DNK,GBR,0.000030576102607273155,DNK,0.0219367120600357,2.1929603055702547
ESP,GBR,0.00008244822186182037,ESP,0.009539279493614288,2.7054209733877066
EST,GBR,2.0807475069993985e-6,EST,0.010648896506822861,2.579196419134441
FIN,GBR,0.000014507705360057984,FIN,0.00973051259229867,2.727059402829714
FRA,GBR,0.00015921617516992232,FRA,0.012443982030528617,2.666142900822632
GBR,GBR,0.006815624025600366,GBR,0.6060236130737915,1.0
GRC,GBR,0.000010751413989694506,GRC,0.007553996202872494,2.7451075126402396
HRV,GBR,1.0736296020808296e-6,HRV,0.002988872369860489,3.3707554958110544
HUN,GBR,7.547523173151078e-6,HUN,0.007339074993949758,2.8686501643263487
IDN,GBR,3.4798754763992324e-6,IDN,0.0003897327217753698,5.957410153316073
IND,GBR,0.00004037051115126502,IND,0.0017482569356636563,4.27227719751227
IRL,GBR,0.00016088163749675702,IRL,0.23244665101683928,1.219904210540119
ITA,GBR,0.00006932473294728437,ITA,0.005557248547682346,3.191956810730968
JPN,GBR,0.000038062098769130965,JPN,0.0012782402714517707,5.116336971706837
KOR,GBR,0.00004663010447800856,KOR,0.0032107105415096465,3.8141708006306794
LTU,GBR,3.011872539330106e-6,LTU,0.007016615192551246,2.767600118417374
LUX,GBR,4.333210639844382e-6,LUX,0.020446116154787714,2.205870090674027
LVA,GBR,2.4066810073341994e-6,LVA,0.010982175904392426,2.5016618684583407
MEX,GBR,0.000011258819768930108,MEX,0.001236683063999436,4.575257197502527
MLT,GBR,2.4255685831268226e-6,MLT,0.047750238858741884,1.7930544126361887
NLD,GBR,0.00011854624132384958,NLD,0.026354633287421585,2.1325133924706723
NOR,GBR,0.000036660716826437656,NOR,0.01760945078293079,2.2943054892049144
POL,GBR,0.000034761185231500746,POL,0.00745494415164428,2.872431911489378
PRT,GBR,0.000012611970264757812,PRT,0.008008610352368302,2.744746300189176
ROU,GBR,6.530168322953232e-6,ROU,0.0036591346445606263,3.3728665598174876
ROW,GBR,0.0005487798159232616,ROW,0.004839695531481633,3.111822946009622
RUS,GBR,0.000051604824125155376,RUS,0.004164871618864694,3.2896532260422005
SVK,GBR,4.040730863635846e-6,SVK,0.0046598916852566485,3.209816545322547
SVN,GBR,1.684672381664079e-6,SVN,0.005077854631250829,3.08878878357318
SWE,GBR,0.00005066144336252479,SWE,0.02252582107689404,2.216174450273231
TUR,GBR,0.00003068352961440967,TUR,0.004470173788342718,3.3012090173280817
TWN,GBR,0.0000100628294240947,TWN,0.0018507829199710059,4.293151272447476
USA,GBR,0.00028652263105297874,USA,0.003518326670420425,3.8004585743554644
AUS,GRC,1.2538981005443706e-6,AUS,0.00020665345290129636,7.729965974873019
AUT,GRC,1.4308912371959204e-6,AUT,0.0006081499824189187,5.966093847446452
BEL,GRC,2.844624946656381e-6,BEL,0.0009362095689562387,5.273634604009106
BGR,GRC,0.000015089788045837706,BGR,0.0256016888812757,2.1636168765678714
BRA,GRC,4.5101509261233315e-7,BRA,0.000029474953855972712,12.701672619467438
CAN,GRC,9.232804596836281e-7,CAN,0.00009958029535565457,9.522154822600056
CHE,GRC,6.151883101546636e-7,CHE,0.00019807461758812627,8.193799799425507
CHN,GRC,1.8281052197538666e-6,CHN,0.000010161519318557995,17.22478157268638
CYP,GRC,0.00001061475906844306,CYP,0.090410724528355,1.599653695581258
CZE,GRC,1.52279344334184e-6,CZE,0.0009327602805102968,5.341575098147297
DEU,GRC,0.000014407670829216711,DEU,0.000779061993713947,5.873796100624567
DNK,GRC,1.11875028208514e-6,DNK,0.0008026432642644155,5.433169427597299
ESP,GRC,7.165161208710309e-6,ESP,0.000829010909431658,5.39925600193011
EST,GRC,5.9301679186854394e-8,EST,0.00030349547084273224,6.8019392753994685
FIN,GRC,7.938219101442978e-7,FIN,0.0005324270035127596,6.109754286490724
FRA,GRC,6.69195550146124e-6,FRA,0.000523028353874263,6.380462991949827
GBR,GRC,6.587640362097421e-6,GBR,0.0005857520307566194,6.145456814389142
GRC,GRC,0.0008416740925856832,GRC,0.5913643457077092,1.0
HRV,GRC,9.293268552184872e-7,HRV,0.002587148635570834,3.786683297608242
HUN,GRC,1.0153067493278814e-6,HUN,0.000987265915484393,5.132625998229575
IDN,GRC,1.2067591665932305e-6,IDN,0.00013515240350221063,8.412082257787523
IND,GRC,1.270563769126255e-6,IND,0.000055022140127356986,10.990984712224732
IRL,GRC,2.5007010431990864e-7,IRL,0.0003613088427805573,6.65728487191988
ITA,GRC,0.00003180574578854235,ITA,0.002549630226859096,4.2025500772251805
JPN,GRC,8.551131839806921e-7,JPN,0.00002871728422132998,14.319790289946244
KOR,GRC,5.435241403046122e-6,KOR,0.00037424292876375617,7.073302961594511
LTU,GRC,2.943423343563869e-7,LTU,0.0006857152379746387,5.3636390073086195
LUX,GRC,3.021745584958154e-8,LUX,0.0001425801013506469,8.271383240309099
LVA,GRC,7.735069186547928e-8,LVA,0.0003529669706140613,6.402173304758658
MEX,GRC,1.2586153138066694e-6,MEX,0.00013824790472003034,8.573846659639901
MLT,GRC,4.15287250420465e-7,MLT,0.008175429687089796,3.0204381320020426
NLD,GRC,2.9433134132414253e-6,NLD,0.0006543433582513855,5.821230850761517
NOR,GRC,3.086783879202135e-7,NOR,0.00014826924704089599,8.207013762745092
POL,GRC,3.3562036810187498e-6,POL,0.0007197772698746823,5.5836931635939875
PRT,GRC,9.675406253458217e-7,PRT,0.0006143890055096198,5.651202579834538
ROU,GRC,7.193584367319343e-6,ROU,0.004030875235559599,3.5674192667083355
ROW,GRC,0.00012716354946498934,ROW,0.0011214568106475537,4.859974450848381
RUS,GRC,2.3877958137181833e-6,RUS,0.00019271188662672043,7.685703639711615
SVK,GRC,7.567266648652461e-7,SVK,0.0008726798226904491,5.28713827197582
SVN,GRC,9.73335710899061e-7,SVN,0.002933779470206886,3.8389428465464293
SWE,GRC,9.734755785489644e-7,SWE,0.0004328407413938917,6.449889932559191
TUR,GRC,0.00008578856293321661,TUR,0.012498229186239357,2.7663188676329233
TWN,GRC,1.66916168575211e-6,TWN,0.00030699675095982663,7.289401178402693
USA,GRC,7.154060804778368e-6,USA,0.00008784759109170365,10.359715147920591
AUS,HRV,3.2240770500213974e-7,AUS,0.000053135629962075274,10.76688564366594
AUT,HRV,9.01045309373036e-6,AUT,0.0038295761048037762,3.735539981994617
BEL,HRV,2.0897616207437394e-6,BEL,0.0006877725052919319,5.649895455304299
BGR,HRV,1.1113075477000761e-6,BGR,0.0018854704917792855,4.119465682521676
BRA,HRV,1.243818972753525e-7,BRA,8.128665188285764e-6,17.384719961712772
CAN,HRV,9.296322817066707e-7,CAN,0.00010026537030386464,9.428425211390438
CHE,HRV,1.241189832953152e-6,CHE,0.0003996308080929848,6.81908532721242
CHN,HRV,6.966814306955487e-7,CHN,3.872502381370911e-6,21.744216912032204
CYP,HRV,1.3289400516181695e-7,CYP,0.0011319186064123403,4.743244058354482
CZE,HRV,2.110077213162796e-6,CZE,0.00129249060130494,4.883186499900238
DEU,HRV,0.000014182740494446116,DEU,0.0007668993980293084,5.8489186622454215
DNK,HRV,8.608531889139037e-7,DNK,0.0006176159458163188,5.7537710212382756
ESP,HRV,2.2538320563094857e-6,ESP,0.000260768921770521,7.150860953042815
EST,HRV,3.4869802859321784e-8,EST,0.00017845746329775173,7.704339908153521
FIN,HRV,1.451314363931039e-7,FIN,0.00009734160119142694,9.26749695023939
FRA,HRV,3.2117268006990604e-6,FRA,0.00025102142136131664,7.603334832756511
GBR,HRV,2.2697626291040416e-6,GBR,0.00020182007460253556,7.955909628109794
GRC,HRV,2.9681793842063846e-6,GRC,0.002085457393718735,4.070162642046782
HRV,HRV,0.0001849258670764797,HRV,0.5148142464646493,1.0
HUN,HRV,7.063285821424961e-6,HUN,0.006868211353301157,3.1346247087137957
IDN,HRV,2.871908085690687e-7,IDN,0.00003216427031702536,11.94577521536449
IND,HRV,6.486249236839751e-8,IND,2.808889432254033e-6,22.934307037647585
IRL,HRV,1.441910885345356e-7,IRL,0.00020833164155854012,7.577506018452882
ITA,HRV,0.000023633624275431454,ITA,0.0018945319887634208,4.489572832422241
JPN,HRV,8.535536215939998e-7,JPN,0.000028664909404570575,14.209642973811098
KOR,HRV,8.09764650904481e-8,KOR,5.57562529594386e-6,20.081011087308436
LTU,HRV,1.2249257325235673e-7,LTU,0.0002853650807707643,6.623592313538425
LUX,HRV,6.556138762567608e-8,LUX,0.000309349315802422,6.759722900971788
LVA,HRV,6.269954894084832e-8,LVA,0.00028611081962921726,6.692304339298838
MEX,HRV,3.3594956370425606e-7,MEX,0.00003690112678928987,11.831198873968304
MLT,HRV,2.9384237894031524e-7,MLT,0.005784641126549162,3.266455877169955
NLD,HRV,1.6884255914074074e-6,NLD,0.0003753627006450511,6.634401922180839
NOR,HRV,8.931517193725111e-7,NOR,0.0004290126491099638,6.241352593880968
POL,HRV,2.4145006398815015e-6,POL,0.0005178180002940268,6.013469339204623
PRT,HRV,5.77512924437027e-7,PRT,0.00036672112986159845,6.376994775635304
ROU,HRV,1.4738718250109159e-6,ROU,0.0008258738810120352,5.259250654565223
ROW,HRV,0.000056210098888802073,ROW,0.0004957175109631158,5.911795046422673
RUS,HRV,1.822893629910546e-6,RUS,0.00014712031427547892,8.155318164474952
SVK,HRV,1.6193529614096597e-6,SVK,0.0018674862679616112,4.335791183101713
SVN,HRV,0.000012906997369496662,SVN,0.03890362131033584,1.9953510574113176
SWE,HRV,1.7396845427518888e-6,SWE,0.0007735236136058301,5.533045639522004
TUR,HRV,1.2693675647896528e-6,TUR,0.0001849296246944927,7.867034375880035
TWN,HRV,5.515394708862221e-8,TWN,0.000010144063755685691,16.957843188193372
USA,HRV,6.540001761978413e-6,USA,0.00008030731303563467,10.508477885180938
AUS,HUN,9.818542936213785e-7,AUS,0.00016181823701202835,7.358447591579399
AUT,HUN,0.00003697417495214521,AUT,0.01571457233267152,2.3695830369936335
BEL,HUN,6.04420923169161e-6,BEL,0.0019892416840872422,3.911436058778084
BGR,HUN,6.935611505385409e-6,BGR,0.011767121408391926,2.353069606276932
BRA,HUN,1.4900842695482429e-6,BRA,0.00009738069924013946,8.436470547081564
CAN,HUN,1.9863307506697243e-6,CAN,0.00021423544790874084,7.040614676666071
CHE,HUN,5.649483784422361e-6,CHE,0.001818986677247571,4.214926386821829
CHN,HUN,5.132976522931327e-6,CHN,0.000028531640047772478,11.915616567602443
CYP,HUN,3.25753315179697e-7,CYP,0.0027745889523265324,3.4224421543281323
CZE,HUN,0.000023624948903503034,CZE,0.014471045999458074,2.410136762944977
DEU,HUN,0.00010276450860958,DEU,0.005556756807496137,3.218558017777748
DNK,HUN,4.8359307799232215e-6,DNK,0.003469520704584672,3.374204010910578
ESP,HUN,8.836713130213518e-6,ESP,0.0010224098767742276,4.587990824467468
EST,HUN,5.728946834064437e-7,EST,0.0029319733280382255,3.4549010922232957
FIN,HUN,1.4044379601942953e-6,FIN,0.0009419753791248921,4.743879991322547
FRA,HUN,0.000022588612952579346,FRA,0.0017654757337090255,4.215245590025492
GBR,HUN,0.000016136525867064947,GBR,0.0014348085621633134,4.398847950681071
GRC,HUN,2.8595232657760917e-6,GRC,0.0020091150719712845,3.709090242176373
HRV,HUN,9.258895965827717e-6,HRV,0.025775796675166347,1.9086052908601139
HUN,HUN,0.00045308013927953676,HUN,0.4405669309198637,1.0
IDN,HUN,2.4209631263782475e-7,IDN,0.000027113859532051704,11.255542632822332
IND,HUN,6.52749608484693e-7,IND,0.000028267515018802076,11.625292374081672
IRL,HUN,1.1409437390034397e-6,IRL,0.001648469988598458,4.078977843445122
ITA,HUN,0.00003680730098517907,ITA,0.002950567730272173,3.628362071545615
JPN,HUN,4.5837650509237836e-6,JPN,0.00015393667907025226,8.4273647210613
KOR,HUN,2.0576474038259297e-6,KOR,0.00014167907801471033,8.074935256965022
LTU,HUN,2.09613916006652e-6,LTU,0.004883275000573441,2.9401704857666147
LUX,HUN,5.440997799587977e-7,LUX,0.0025673174524540386,3.5956532098473755
LVA,HUN,1.2349167580998464e-6,LVA,0.005635176836234229,2.8680642385817063
MEX,HUN,1.7493551095137537e-6,MEX,0.00019215138720193932,7.071056201239092
MLT,HUN,9.726480020481079e-8,MLT,0.001914774735555142,3.887970739715949
NLD,HUN,0.000010552381048154616,NLD,0.002345954875730862,3.7882719821100235
NOR,HUN,1.5236968611218282e-6,NOR,0.0007318859860558321,4.930510556056747
POL,HUN,0.000027058871173805743,POL,0.005803092502854517,2.967297030764913
PRT,HUN,1.1611719923348696e-6,PRT,0.0007373450653209052,4.834915170840961
ROU,HUN,0.00005093134050904811,ROU,0.028539024315117446,1.95838931390991
ROW,HUN,0.0000561300653294246,ROW,0.0004950116940790963,5.339253957701501
RUS,HUN,9.352375339316434e-6,RUS,0.0007548023519123233,4.892234514872248
SVK,HUN,0.00002523394470839802,SVK,0.029100539754108954,1.9702165353660293
SVN,HUN,6.7983282800885165e-6,SVN,0.020491178651431335,2.1146164017089255
SWE,HUN,3.4971542521915156e-6,SWE,0.001554955124342895,4.195267813572192
TUR,HUN,7.325695944784409e-6,TUR,0.001067254465352155,4.582496937251498
TWN,HUN,5.45404833554537e-7,TWN,0.00010031233839613446,8.633592123394028
USA,HUN,0.000010324721860178503,USA,0.00012678141392126927,8.463913168391551
AUS,IDN,0.0000663982560945742,AUS,0.010943017524798263,2.995129324960749
AUT,IDN,1.3419300861944227e-6,AUT,0.0005703401747891303,6.336812664801785
BEL,IDN,8.038777825832182e-6,BEL,0.002645684708665541,4.251384518027296
BGR,IDN,8.318479260281465e-7,BGR,0.0014113327327073644,4.667150061611969
BRA,IDN,0.00002580548962870217,BRA,0.0016864526897120062,4.827166310056283
CAN,IDN,0.000018212539879556582,CAN,0.0019643111487535813,4.722670269144856
CHE,IDN,1.629492031357609e-6,CHE,0.0005246540053612407,6.713297772940364
CHN,IDN,0.000227651464098266,CHN,0.0012654002216808938,5.389494247446948
CYP,IDN,1.5391690735502462e-7,CYP,0.0013109802136255725,4.81829660659328
CZE,IDN,1.1027168175886516e-6,CZE,0.0006754497483520598,6.052366137667099
DEU,IDN,0.00004320353881611989,DEU,0.002336132986695541,4.665509572130559
DNK,IDN,2.876106286712588e-6,DNK,0.0020634518491792577,4.484839536638882
ESP,IDN,0.0000269797205550232,ESP,0.003121560286228037,4.051283671340253
EST,IDN,9.067289422999399e-7,EST,0.004640477825306753,3.595354621709568
FIN,IDN,1.5478859848395774e-6,FIN,0.0010381878934756597,5.404199554191532
FRA,IDN,0.000013615687680894362,FRA,0.001064171857246996,5.5839582696207
GBR,IDN,0.000020003991453507748,GBR,0.0017786913026623628,4.865966118514299
GRC,IDN,1.9990431353003326e-6,GRC,0.0014045375118018422,4.734695488743874
HRV,IDN,2.562677731422433e-7,HRV,0.000713422641240532,5.461842987818105
HUN,IDN,3.0579317757676975e-7,HUN,0.00029734775387740115,7.241751099337431
IDN,IDN,0.007212420949497528,IDN,0.8077635151893242,1.0
IND,IDN,0.00010187407937252492,IND,0.004411687163435522,3.839117465367825
IRL,IDN,8.358536255547855e-7,IRL,0.0012076665741571006,5.146258905763379
ITA,IDN,0.000029523146567444618,ITA,0.002366651213928284,4.475177201241222
JPN,IDN,0.0002933376840267555,JPN,0.009851165673541095,3.4778608188861866
KOR,IDN,0.00013465400283578489,KOR,0.009271586053709572,3.3138569454691016
LTU,IDN,3.675210383448621e-7,LTU,0.000856196159551403,5.303514687649717
LUX,IDN,1.6186116054054103e-7,LUX,0.0007637367218962369,5.6828809648937435
LVA,IDN,3.7856574872106746e-7,LVA,0.0017274726609646878,4.49903893376059
MEX,IDN,0.000011575324718973088,MEX,0.0012714483697262669,5.146088767747116
MLT,IDN,7.17776254438844e-8,MLT,0.001413029004210014,4.8963384103497765
NLD,IDN,0.00004121905913779331,NLD,0.009163624049972624,3.145292470254739
NOR,IDN,1.4499336400653822e-6,NOR,0.0006964548782317972,5.826882897684535
POL,IDN,4.331107527495472e-6,POL,0.0009288568418255544,5.47577361524516
PRT,IDN,2.0619445537683244e-6,PRT,0.001309336301359853,4.888780479327533
ROU,IDN,9.98096960165815e-7,ROU,0.0005592767268702971,6.109545588277472
ROW,IDN,0.0008961046864411244,ROW,0.007902757573932538,3.1177878737186524
RUS,IDN,0.000012379467993806607,RUS,0.0009991099820242583,5.323766995353903
SVK,IDN,2.501566537720326e-7,SVK,0.0002884881350090767,7.288094869605667
SVN,IDN,1.1803292449057647e-6,SVN,0.0035576889535787696,3.823737964998765
SWE,IDN,1.708031280706365e-6,SWE,0.000759449484050632,5.857620316147792
TUR,IDN,0.000025614035050163715,TUR,0.003731617240057093,3.911575266483726
TWN,IDN,0.00009684597219670817,TWN,0.017812174255928,2.760626596830856
USA,IDN,0.00022783738614476888,USA,0.0027977069359097096,4.558178493240394
AUS,IND,0.000027732324621715947,AUS,0.0045705313992972585,3.6097838835304334
AUT,IND,4.220470991413206e-6,AUT,0.0017937627210977624,4.610373748834497
BEL,IND,0.0000275849900088378,BEL,0.009078642031945796,3.026444459542502
BGR,IND,2.3580010001660125e-6,BGR,0.004000639890010848,3.4849758752748565
BRA,IND,0.00008037012183830624,BRA,0.005252386608310594,3.5206240705976857
CAN,IND,0.00003160854540835159,CAN,0.0034091356039364523,3.986595286413694
CHE,IND,0.00001191360621004305,CHE,0.0038358709929916164,3.955589213511225
CHN,IND,0.00014660475798623272,CHN,0.0008149022629398749,5.829101682464655
CYP,IND,4.593859087916203e-7,CYP,0.003912798452057488,3.5517608726016574
CZE,IND,3.722384936761039e-6,CZE,0.0022800812762634854,4.326222928071197
DEU,IND,0.00007929497772538579,DEU,0.004287695365233479,3.8836538802778633
DNK,IND,7.769266034282306e-6,DNK,0.0055740312655585345,3.3894260778789063
ESP,IND,0.000033563442157875164,ESP,0.0038832984906371974,3.7167077623384173
EST,IND,6.681491894998072e-7,EST,0.0034194689870668095,3.7598088320623804
FIN,IND,4.626022815555041e-6,FIN,0.0031027355561651254,3.9823295793895905
FRA,IND,0.000055622153281523186,FRA,0.004347303753502927,3.8055123242979785
GBR,IND,0.00008164642139878244,GBR,0.007259740136014467,3.316935145622688
GRC,IND,4.173485056072335e-6,GRC,0.0029323110705749434,3.8163298231409555
HRV,IND,1.5788360745647408e-6,HRV,0.004395314278462189,3.358934017418139
HUN,IND,1.8776044339716723e-6,HUN,0.0018257485845038636,4.457306915734825
IDN,IND,0.00004646767115552945,IDN,0.005204201149388958,3.4198382274715367
IND,IND,0.019502100505680603,IND,0.8445442353037298,1.0
IRL,IND,4.504376867468196e-6,IRL,0.006508059801304603,3.2725668907806793
ITA,IND,0.00005384907527490549,ITA,0.004316680103089072,3.73103529666942
JPN,IND,0.00006887631198121546,JPN,0.002313074648286817,4.840717232696626
KOR,IND,0.00006104027626244598,KOR,0.004202921281141986,3.9129786102075794
LTU,IND,8.928590597536959e-7,LTU,0.0020800509854471522,4.115869748915263
LUX,IND,1.060191711785809e-7,LUX,0.0005002480767077214,6.120418842045258
LVA,IND,6.591465291564591e-7,LVA,0.003007819942861565,3.7947451228170963
MEX,IND,0.00003019172834617473,MEX,0.003316297790077696,3.9233910600411046
MLT,IND,7.809914839288335e-7,MLT,0.015374757969601888,2.612041943551659
NLD,IND,0.00003625309685527913,NLD,0.008059615070748259,3.1468228779632543
NOR,IND,3.6460061126755952e-6,NOR,0.0017513068688587467,4.483240083095619
POL,IND,0.000011909665599206099,POL,0.002554167566944248,4.1199633938916715
PRT,IND,7.2104887698211985e-6,PRT,0.0045786656482205345,3.4637905975129293
ROU,IND,2.1396419854240043e-6,ROU,0.0011989335846523366,4.892038182458972
ROW,IND,0.0013347517105248491,ROW,0.011771190742860486,2.734381783357974
RUS,IND,0.000020492864288837472,RUS,0.0016539180263230482,4.5474391008683925
SVK,IND,1.5275331010908442e-6,SVK,0.001761596858822375,4.492027407107809
SVN,IND,1.6028750478366406e-6,SVN,0.004831305227983857,3.4319189346873187
SWE,IND,6.47391198688965e-6,SWE,0.002878524049161007,4.067490038474814
TUR,IND,0.0000862115599876262,TUR,0.012559854115604717,2.7980330382100216
TWN,IND,0.0000397206374942646,TWN,0.0073055275356969035,3.3423123137601256
USA,IND,0.00038720556328507077,USA,0.004754652905547042,3.867988736977499
AUS,IRL,0.000011006070266707848,AUS,0.001813897335439009,3.5519043982568905
AUT,IRL,5.238634380481381e-6,AUT,0.0022264972512042007,3.411248904763669
BEL,IRL,0.00005297191397809717,BEL,0.0174338669182078,2.0078490874341495
BGR,IRL,1.31971935986909e-6,BGR,0.0022390668682244624,3.1467116149619123
BRA,IRL,4.699953410001187e-6,BRA,0.0003071536011857586,5.591283203387446
CAN,IRL,0.00002143659279240408,CAN,0.0023120409614408597,3.4308829749887892
CHE,IRL,0.00009214556635756953,CHE,0.02966847307961406,1.8524434159939231
CHN,IRL,0.000040533984968661035,CHN,0.00022530807683632362,6.278058956900573
CYP,IRL,4.0181826765171027e-7,CYP,0.0034224687035169957,2.868284886513355
CZE,IRL,4.7348258583578e-6,CZE,0.0029002341158739886,3.1814842698393617
DEU,IRL,0.00008769472610330811,DEU,0.004741892632478751,2.957672864498255
DNK,IRL,0.00001592654221621107,DNK,0.011426438980680251,2.2122405992531506
ESP,IRL,0.00003999198594373454,ESP,0.004627082583555851,2.7782630520316682
EST,IRL,4.1953163076502055e-7,EST,0.0021470884392878033,3.298636919761706
FIN,IRL,5.584667788236092e-6,FIN,0.0037457115986686174,2.9670944697221464
FRA,IRL,0.00008795833670996351,FRA,0.006874627909418241,2.6503144101543747
GBR,IRL,0.0003219408776099929,GBR,0.02862595898959805,1.838310236383189
GRC,IRL,5.062792358062342e-6,GRC,0.0035571427428422835,2.839975907107641
HRV,IRL,2.9427890676690174e-7,HRV,0.0008192416563064591,3.9924319023213997
HUN,IRL,1.995205510041061e-6,HUN,0.0019401017433934836,3.4286110755220096
IDN,IRL,1.25641359122923e-6,IDN,0.0001407135088327963,6.586454572821771
IND,IRL,1.979802058922524e-6,IND,0.00008573591421182764,7.780481465737733
IRL,IRL,0.0001922007684177119,IRL,0.27769747770289066,1.0
ITA,IRL,0.00004498399618672671,ITA,0.003606032606973466,3.0479018634398574
JPN,IRL,0.000022439369375653582,JPN,0.0007535818183837075,5.003986062790465
KOR,IRL,8.133259206954645e-6,KOR,0.0005600146378594369,5.058095338511636
LTU,IRL,5.427928713101299e-7,LTU,0.0012645185536603965,3.6403268928099006
LUX,IRL,2.0802726910588882e-6,LUX,0.009815700322509672,2.271113011957474
LVA,IRL,1.4379907630819455e-6,LVA,0.0065618449062969045,2.4385442884338966
MEX,IRL,0.000019967166095245895,MEX,0.0021932188855351806,3.397786231179644
MLT,IRL,4.6924964259713395e-7,MLT,0.009237744368171036,2.317033437522915
NLD,IRL,0.00004820922960291455,NLD,0.010717645309251239,2.28858789607741
NOR,IRL,6.8638382838124786e-6,NOR,0.003296946511248477,2.989139280895805
POL,IRL,0.000014337345415063917,POL,0.0030748119962053485,3.0717978346182013
PRT,IRL,7.01412345337738e-6,PRT,0.004453973528503723,2.723899134105129
ROU,IRL,3.791864075824394e-6,ROU,0.0021247448030618354,3.311337850806516
ROW,IRL,0.0001568794327420526,ROW,0.0013835215282940628,3.647197981607489
RUS,IRL,0.000010696131109653616,RUS,0.0008632528769444372,4.178327200295942
SVK,IRL,1.0638860032593778e-6,SVK,0.001226905158486221,3.8402354190386667
SVN,IRL,4.728772110947923e-7,SVN,0.0014253226695619106,3.6367748032794127
SWE,IRL,0.00001618430257673944,SWE,0.0071960978586651,2.5263078188828567
TUR,IRL,4.575661020088333e-6,TUR,0.0006666117038482664,4.552734465372372
TWN,IRL,1.9858265903881048e-6,TWN,0.0003652386203341824,5.520231855158664
USA,IRL,0.00023857450673588765,USA,0.002929552359778753,3.4096213917661804
AUS,ITA,0.000035409696056176075,AUS,0.0058358298437627,3.2438444330067853
AUT,ITA,0.00008942834217852531,AUT,0.038008370804060346,2.0526758191412275
BEL,ITA,0.0000721226023830004,BEL,0.023736651317903024,2.2735047527110606
BGR,ITA,0.0000171012998321108,BGR,0.029014467031422606,2.028576030350168
BRA,ITA,0.00003920509881248615,BRA,0.002562150352272447,4.024115803040362
CAN,ITA,0.00005576917887938159,CAN,0.006014977622784437,3.304209014042977
CHE,ITA,0.0001889715210103561,CHE,0.06084390932227324,1.8933709180898157
CHN,ITA,0.00010022986404834832,CHN,0.0005571275049260352,6.123534370710394
CYP,ITA,5.991693986471831e-6,CYP,0.051033979290173635,1.7853095472497325
CZE,ITA,0.000044996386122156534,CZE,0.027561743140386407,2.216320707038376
DEU,ITA,0.000594032015835933,DEU,0.03212092864091461,2.2423958066491156
DNK,ITA,0.00002767665359130051,DNK,0.01985651305582984,2.356706870196184
ESP,ITA,0.00019425771953942005,ESP,0.02247566580131157,2.2889866742593963
EST,ITA,3.4979399015276852e-6,EST,0.017901835697580984,2.3743450730219844
FIN,ITA,0.000014021941302083399,FIN,0.009404704122544297,2.883034926098453
FRA,ITA,0.00047246137680542955,FRA,0.036926530089112695,2.129346322438653
GBR,ITA,0.00021310108008345654,GBR,0.018948270329616348,2.492801248456586
GRC,ITA,0.00005040689014638986,GRC,0.035416128253401895,1.9555140399712452
HRV,ITA,0.000027159129306879605,HRV,0.07560817158680516,1.5755042166480102
HUN,ITA,0.0000320178720154055,HUN,0.031133599523569505,2.095261564332291
IDN,ITA,6.801793216534843e-6,IDN,0.000761774782233399,5.2814142254946725
IND,ITA,0.000021886657638926504,IND,0.0009478081878225166,5.219011863446145
IRL,ITA,0.000010811870082331235,IRL,0.015621316583862552,2.511509383421947
ITA,ITA,0.008688541317557474,ITA,0.6964957752551395,1.0
JPN,ITA,0.00008254316827148888,JPN,0.0027720489733847153,4.419465006591505
KOR,ITA,0.00005271847521316485,KOR,0.0036299246161683096,3.8773382008920634
LTU,ITA,9.062318344178674e-6,LTU,0.021112048980546423,2.202725193904319
LUX,ITA,4.832393858289537e-6,LUX,0.022801496244784204,2.2500877816073426
LVA,ITA,4.590332027428271e-6,LVA,0.0209466205247629,2.2314125764695416
MEX,ITA,0.00003264966782357421,MEX,0.0035862809842686105,3.6751637803807755
MLT,ITA,7.305484261015042e-6,MLT,0.14381725623794017,1.4267315538744985
NLD,ITA,0.00007404900092053857,NLD,0.01646221966017003,2.5144417175488005
NOR,ITA,0.000016490646663169352,NOR,0.007921046175081024,2.9366333099163433
POL,ITA,0.00008526655441732515,POL,0.01828641333576455,2.405948729816962
PRT,ITA,0.00003393753565672856,PRT,0.021550359990447056,2.246391913033742
ROU,ITA,0.00006658616412125881,ROU,0.0373110964273444,1.9785266949324272
ROW,ITA,0.0006407608196542271,ROW,0.005650877065170179,3.137964919748433
RUS,ITA,0.00013479351866647898,RUS,0.010878783327298792,2.7124585028836603
SVK,ITA,0.000020515446194329754,SVK,0.02365902614317322,2.2414683490849234
SVN,ITA,0.00003519145574496029,SVN,0.10607231321646793,1.5144865731946913
SWE,ITA,0.000033202797371376465,SWE,0.01476310628356958,2.5818875573844364
TUR,ITA,0.0001083116908551525,TUR,0.015779543211495602,2.5245744220729174
TWN,ITA,0.000011228696715241333,TWN,0.0020652123988450528,4.378562378300451
USA,ITA,0.0003001471541597418,USA,0.0036856276715389736,3.937765394927631
AUS,JPN,0.0000737582741712244,AUS,0.012156013340244035,2.470863932772354
AUT,JPN,5.497547988008253e-6,AUT,0.002336539371647997,3.7723141492594707
BEL,JPN,0.000017508479865440064,BEL,0.005762308457278205,2.963893210820157
BGR,JPN,3.0005362423718384e-7,BGR,0.0005090780276094414,5.100465323462925
BRA,JPN,0.000027504930516051547,BRA,0.0017975153626825348,4.02359647277951
CAN,JPN,0.00003256719658211909,CAN,0.003512530803115176,3.45885159662908
CHE,JPN,0.00001395235206526427,CHE,0.004492294073480249,3.323792348677315
CHN,JPN,0.0006154756523440069,CHN,0.0034211202198950906,3.5596694747596054
CYP,JPN,9.713820211095879e-8,CYP,0.0008273701904683677,4.578406683728822
CZE,JPN,5.964879299279425e-6,CZE,0.0036536816682083417,3.3611473062533817
DEU,JPN,0.00007263103192558566,DEU,0.003927357669964505,3.470125091707767
DNK,JPN,2.431627731344454e-6,DNK,0.0017445623487348143,3.9611440763153714
ESP,JPN,8.059178296503155e-6,ESP,0.0009324489057879178,4.641155221519312
EST,JPN,4.3052802947017896e-7,EST,0.002203366056521554,3.668238068079027
FIN,JPN,2.393637354920045e-6,FIN,0.0016054446823527777,4.104386967311931
FRA,JPN,0.00003039267666448642,FRA,0.002375423991117095,3.8690700333909276
GBR,JPN,0.000029489376023955952,GBR,0.002622101532919461,3.7400604266262363
GRC,JPN,9.010142816445486e-7,GRC,0.0006330570535932087,4.893971595185417
HRV,JPN,1.5107847728078264e-7,HRV,0.0004205866581453769,5.27908712276958
HUN,JPN,3.6645875812353826e-6,HUN,0.0035633786692111525,3.2964085703121175
IDN,JPN,0.00011282039923737441,IDN,0.012635452493852771,2.3948048419870163
IND,JPN,0.00006436600413544292,IND,0.002787388862358201,3.6469512379458635
IRL,JPN,3.586377755245096e-6,IRL,0.005181706945920515,3.0283561583248844
ITA,JPN,0.0000155304968731084,ITA,0.0012449644956944294,4.450423381462414
JPN,JPN,0.0220802368024196,JPN,0.7415210615483517,1.0
KOR,JPN,0.0004915581037474209,KOR,0.033846177338304334,2.030446859354216
LTU,JPN,2.943339305424273e-7,LTU,0.0006856956600117819,4.7481126453145945
LUX,JPN,3.348218674197324e-7,LUX,0.0015798462990648967,4.0132622249153895
LVA,JPN,2.2733953553461694e-7,LVA,0.0010373966311511837,4.328457004714013
MEX,JPN,0.00007523344593978207,MEX,0.00826373726105813,2.7296351345261964
MLT,JPN,1.9699354197403233e-7,MLT,0.0038780551283211498,3.221828878768176
NLD,JPN,0.000026847370719754664,NLD,0.0059685790299978565,2.9652197423924824
NOR,JPN,6.659274062855605e-6,NOR,0.003198687014634082,3.3710358304923442
POL,JPN,6.834780916231329e-6,POL,0.0014657989846978787,4.13771759224374
PRT,JPN,1.4831146467327451e-6,PRT,0.0009417788865839042,4.495964469045783
ROU,JPN,1.1962285218088482e-6,ROU,0.0006702983767779445,4.945330530464939
ROW,JPN,0.0008807523170682995,ROW,0.007767364851213112,2.651975888591284
RUS,JPN,0.00001358658066742258,RUS,0.0010965324497943664,4.405181036507348
SVK,JPN,7.537170366916534e-7,SVK,0.0008692090294663688,4.685022900272953
SVN,JPN,5.943179628327245e-7,SVN,0.001791363266147177,3.844421256787209
SWE,JPN,3.846487567149176e-6,SWE,0.001710280737405775,4.049728035840136
TUR,JPN,0.000014395763036758334,TUR,0.0020972672765746333,3.826126176963435
TWN,JPN,0.00031377029668603837,TWN,0.05770948521797081,1.7426969479436627
USA,JPN,0.000412429717792204,USA,0.00506439044779669,3.3281803825139087
AUS,KOR,0.0000908915120807038,AUS,0.014979721879108685,2.4450039497023743
AUT,KOR,1.8311104568588473e-6,AUT,0.0007782490822489615,5.177026102002248
BEL,KOR,0.00001249416995680536,BEL,0.004112022389269899,3.362069527568777
BGR,KOR,9.072707025394683e-7,BGR,0.0015392967871353835,4.0325910069049975
BRA,KOR,0.000029871482425153498,BRA,0.0019521753939345282,4.1092422369701485
CAN,KOR,0.000025575991566182032,CAN,0.0027584952843547105,3.8306968384936924
CHE,KOR,1.923829087627452e-6,CHE,0.0006194228735278133,5.686735110431392
CHN,KOR,0.0006854938284392219,CHN,0.003810316115926456,3.612604237007955
CYP,KOR,1.3205704035746166e-7,CYP,0.0011247897969990906,4.420591382657891
CZE,KOR,5.241814187319274e-6,CZE,0.003210780879786863,3.619315447321959
DEU,KOR,0.000035843443971724336,DEU,0.001938152616976734,4.316503842516613
DNK,KOR,3.100476217983476e-6,DNK,0.002224425228960129,3.886392777194687
ESP,KOR,0.000013090653398280248,ESP,0.0015145918092631847,4.286149686050641
EST,KOR,7.504760500918092e-7,EST,0.00384080325046339,3.3283772327855377
FIN,KOR,2.5191875300347307e-6,FIN,0.001689652868940451,4.224804766127905
FRA,KOR,0.000015889756452410107,FRA,0.0012419080131289401,4.743822151094128
GBR,KOR,0.000023820793656245635,GBR,0.0021180692162038116,4.1130580454835295
GRC,KOR,2.5990727724411315e-6,GRC,0.0018261212778922548,3.915152055175337
HRV,KOR,1.2277908486781701e-6,HRV,0.0034180411349215615,3.2597722746225974
HUN,KOR,3.292009171868426e-6,HUN,0.003201090164129424,3.530131897257075
IDN,KOR,0.0001381158588976679,IDN,0.015468447067602925,2.3736409674903847
IND,KOR,0.00009604386644056532,IND,0.004159208066589236,3.4402148444714555
IRL,KOR,1.7796782938002803e-6,IRL,0.0025713329732212384,3.7617892663400405
ITA,KOR,0.000023100817347132212,ITA,0.0018518208176906436,4.20145494037036
JPN,KOR,0.0003552097164539782,JPN,0.011929015452786245,2.9274440463658804
KOR,KOR,0.009871357781425758,KOR,0.6796912175649177,1.0
LTU,KOR,1.9786948139109424e-6,LTU,0.004609670532670639,3.0742931178871524
LUX,KOR,1.422755485291458e-7,LUX,0.000671322636491431,5.182356725963891
LVA,KOR,4.0122787501711453e-7,LVA,0.001830884561666236,3.9152811738608397
MEX,KOR,0.000044223266807314916,MEX,0.004857539797044981,3.25015081208687
MLT,KOR,1.9517009814332886e-7,MLT,0.003842158440399282,3.3668287543746453
NLD,KOR,0.000032673469630923766,NLD,0.007263809469912421,2.9433532640548306
NOR,KOR,1.3598932836944368e-6,NOR,0.0006532052813540761,5.228206877963414
POL,KOR,0.000011923658609348857,POL,0.002557168532199976,3.753604340444326
PRT,KOR,2.9698882519239312e-6,PRT,0.0018858812144679387,3.94040085642745
ROU,KOR,4.195152173128177e-6,ROU,0.0023507244984697236,3.7676522655418636
ROW,KOR,0.0008299263343704993,ROW,0.007319129923090129,2.806286544780489
RUS,KOR,0.00003979369663543773,RUS,0.0032116307057784605,3.5107233939735285
SVK,KOR,6.167397948444097e-6,SVK,0.007112427773465681,2.887999997819513
SVN,KOR,3.4573971918031518e-6,SVN,0.010421112456969047,2.580817208555515
SWE,KOR,2.701503121994997e-6,SWE,0.0012011812519685233,4.612107846290609
TUR,KOR,0.00006396287577884568,TUR,0.009318522814250822,2.7475451980840453
TWN,KOR,0.0001768280780596519,TWN,0.032522700410729286,2.096987789134291
USA,KOR,0.00030532368905255886,USA,0.0037491924262909033,3.740788026396031
AUS,LTU,3.5890368620950475e-7,AUS,0.00005915048916813715,9.374921191660212
AUT,LTU,1.0248251318157085e-6,AUT,0.00043556586950490423,5.753051433914954
BEL,LTU,3.4537872895968086e-6,BEL,0.0011366942111158227,4.456678997840307
BGR,LTU,4.106009777914548e-7,BGR,0.0006966352645797446,4.725688730978199
BRA,LTU,6.82064190147649e-8,BRA,4.457458488799052e-6,18.068468100742347
CAN,LTU,3.205408575145215e-6,CAN,0.00034571893003983227,6.188234502122203
CHE,LTU,1.2265542035875533e-6,CHE,0.0003949185165199805,6.116945946204442
CHN,LTU,1.766868669720008e-6,CHN,9.821136073957513e-6,15.410683990962964
CYP,LTU,5.871864341892995e-8,CYP,0.0005001333577707156,5.203295223379305
CZE,LTU,2.0943977642279837e-6,CZE,0.0012828864312511297,4.37556116045662
DEU,LTU,0.000020459433449762003,DEU,0.001106297277510466,4.773235611828818
DNK,LTU,5.9072800420669135e-6,DNK,0.004238156281892928,3.1794983923826132
ESP,LTU,2.958031052391223e-6,ESP,0.0003422449183542267,5.9752859154962
EST,LTU,9.399555682167594e-6,EST,0.048105258005987556,1.700558705258228
FIN,LTU,4.146332342969341e-6,FIN,0.0027810007216025495,3.585150980687824
FRA,LTU,9.844665091951395e-6,FRA,0.0007694371213858828,5.1393616615332816
GBR,LTU,0.000015571930237599357,GBR,0.0013846065143377265,4.3966307309167565
GRC,LTU,2.595572327895617e-7,GRC,0.00018236618483855377,6.694168932902613
HRV,LTU,9.440140276737658e-8,HRV,0.0002628036185483651,5.95011631941681
HUN,LTU,1.4707393804658983e-6,HUN,0.001430120366929329,4.150247239409768
IDN,LTU,8.674918393473522e-8,IDN,9.715576260119534e-6,14.411569312715512
IND,LTU,8.374531894521022e-7,IND,0.00003626615826754054,10.820928993836052
IRL,LTU,8.955740235710871e-7,IRL,0.0012939524097084812,4.292953406868846
ITA,LTU,4.197210412462798e-6,ITA,0.00033645916078339257,6.185403981392889
JPN,LTU,6.088026740058129e-7,JPN,0.000020445433132890846,13.829051137227534
KOR,LTU,4.25615791491218e-7,KOR,0.00002930572692622425,11.861551482510583
LTU,LTU,0.00015085744211779215,LTU,0.35144535714932734,1.0
LUX,LTU,3.253313213385257e-8,LUX,0.00015350654601727244,7.203276909146979
LVA,LTU,0.000021494401572680224,LVA,0.09808333481315583,1.3910127128831706
MEX,LTU,2.307959988034047e-7,MEX,0.000025350925658003274,11.622802496527695
MLT,LTU,7.906660870856973e-9,MLT,0.00015565214184617775,7.213196744704548
NLD,LTU,0.000013891470162616406,NLD,0.0030882851946252283,3.503530148478657
NOR,LTU,8.923075282343211e-6,NOR,0.004286071539754927,3.1398003984800558
POL,LTU,0.000018706411984855207,POL,0.004011809600162017,3.223702532167656
PRT,LTU,9.086385657589824e-7,PRT,0.0005769861545449981,5.092480194423264
ROU,LTU,6.094952429882008e-7,ROU,0.0003415264429668508,5.865659797060471
ROW,LTU,0.00005294775226031602,ROW,0.00046694683838751223,5.367001621163712
RUS,LTU,0.000022944381996001907,RUS,0.0018517727171354968,3.8724230942290943
SVK,LTU,8.037115466536834e-7,SVK,0.0009268641936291507,4.620078320004097
SVN,LTU,3.6430447361066134e-7,SVN,0.0010980681933433372,4.353917010056513
SWE,LTU,9.583661762469838e-6,SWE,0.004261225811867747,3.2301274701705456
TUR,LTU,1.4276292741698398e-6,TUR,0.00020798620761894828,6.832422084787764
TWN,LTU,1.0429081136461615e-7,TWN,0.000019181449297091168,12.933733404538714
USA,LTU,0.000020431043708088857,USA,0.00025088100621763133,7.069395752497095
AUS,LUX,1.435025673745202e-7,AUS,0.000023650487256716382,10.061991135925297
AUT,LUX,1.8724094216521601e-6,AUT,0.0007958017543599402,4.223254338836462
BEL,LUX,9.34979697366171e-6,BEL,0.0030771611578633696,2.965319193431455
BGR,LUX,1.9178690022177276e-7,BGR,0.00032539016029032035,4.878677551359467
BRA,LUX,4.164982006639062e-7,BRA,0.00002721918943900238,9.809821521218803
CAN,LUX,1.0201746692386758e-6,CAN,0.000110030807878199,7.031625303926123
CHE,LUX,9.383191399114807e-7,CHE,0.0003021143310848348,5.582200458755524
CHN,LUX,1.5073287543032285e-6,CHN,8.378483957467415e-6,13.68540736325496
CYP,LUX,1.761201424844425e-8,CYP,0.00015000952525991832,6.000769659959266
CZE,LUX,1.2198394072638788e-6,CZE,0.0007471911260663012,4.274739242624741
DEU,LUX,0.000024666446527616725,DEU,0.0013337819302947172,3.8877324405129796
DNK,LUX,1.0081099342071353e-6,DNK,0.0007232647546879648,4.221971223272583
ESP,LUX,2.0058026289403147e-6,ESP,0.0002320718561833338,5.619841498406405
EST,LUX,7.034027083973378e-8,EST,0.0003599890240956716,4.934625445798672
FIN,LUX,4.3439108327310483e-7,FIN,0.00029135192650165,5.378237721744488
FRA,LUX,0.000011684228353242413,FRA,0.000913213293267259,4.202388030769505
GBR,LUX,2.9016312376848647e-6,GBR,0.00025800382178720055,5.711258163292593
GRC,LUX,2.644923793851871e-7,GRC,0.0001858336430426288,5.686413061933906
HRV,LUX,5.334629379378144e-8,HRV,0.00014851049490966755,5.857074491917271
HUN,LUX,4.1347656513431274e-7,HUN,0.0004020571318755633,4.864429544618917
IDN,LUX,4.3341418048014246e-8,IDN,4.854072778183176e-6,14.629806702941933
IND,LUX,1.8444854896840662e-7,IND,7.987599012528478e-6,13.48101570175314
IRL,LUX,8.793067900176138e-7,IRL,0.0012704490191435395,3.6807234078138444
ITA,LUX,3.971624253468206e-6,ITA,0.00031837559520509856,5.352454193088593
JPN,LUX,5.282100329746037e-7,JPN,0.000017738888757248157,12.229159284166998
KOR,LUX,2.826918673638407e-7,KOR,0.0000194647163823574,11.213839750267237
LTU,LUX,7.980392750681486e-8,LTU,0.00018591538747324252,5.627588861607294
LUX,LUX,0.00004647220610195182,LUX,0.21927762181527938,1.0
LVA,LUX,6.349423000951571e-8,LVA,0.00028973711129703694,5.092319174157993
MEX,LUX,4.1962511958055234e-7,MEX,0.000046092156128663294,8.542584830573222
MLT,LUX,2.8133122383839072e-8,MLT,0.0005538343970215807,4.482376317490269
NLD,LUX,5.579083454733286e-6,NLD,0.0012403151452751787,3.756115514729299
NOR,LUX,5.091424934710461e-7,NOR,0.0002445593118847985,5.482865420393888
POL,LUX,2.3911350111729344e-6,POL,0.0005128069669840183,4.6013821381847455
PRT,LUX,4.383774208128211e-7,PRT,0.00027836998318783246,5.214970290568355
ROU,LUX,3.7022113143299024e-7,ROU,0.00020745084983693607,5.670624535842635
ROW,LUX,0.00001549292146870057,ROW,0.00013663225327542106,6.2279773070355695
RUS,LUX,4.537298536693321e-6,RUS,0.0003661918478001096,4.95609128191258
SVK,LUX,3.3696524631015916e-7,SVK,0.0003885984002627399,4.900211833764631
SVN,LUX,2.32961144866218e-7,SVN,0.000702179747964965,4.155393371051003
SWE,LUX,1.951210459324717e-6,SWE,0.0008675753151286129,4.104055683381704
TUR,LUX,1.1472747166925606e-6,TUR,0.00016714235392850421,6.158833113316023
TWN,LUX,1.2852722152385248e-7,TWN,0.000023639075683634224,10.476672773158253
USA,LUX,2.2340659515527176e-6,USA,0.000027432994706001934,10.492227005488663
AUS,LVA,8.513785548767269e-8,AUS,0.000014031468587041343,13.741258873214345
AUT,LVA,4.516479360270755e-7,AUT,0.00019195706648722635,7.22280323366506
BEL,LVA,1.2272218108355063e-6,BEL,0.00040389746419347246,5.904723658021062
BGR,LVA,1.0622092169409709e-7,BGR,0.00018021691104168542,6.778173536412323
BRA,LVA,2.1399889793703496e-8,BRA,1.3985358240205896e-6,24.69561546067616
CAN,LVA,2.8677019096627763e-7,CAN,0.00003092956210229407,11.574419075523766
CHE,LVA,2.585467493515842e-7,CHE,0.00008324532124739685,9.234569440183089
CHN,LVA,8.63023995726023e-7,CHN,4.797117206486521e-6,18.8565552267758
CYP,LVA,6.702725768398178e-8,CYP,0.0005709015994883436,5.149377141365536
CZE,LVA,6.966164404598221e-7,CZE,0.0004267001209208154,5.893797536194586
DEU,LVA,7.673692218459864e-6,DEU,0.00041493743365773157,6.239219600088808
DNK,LVA,2.9172793581819095e-6,DNK,0.002092991317470908,3.879770956334124
ESP,LVA,2.6094509439804184e-6,ESP,0.0003019141143058638,6.3069179593360865
EST,LVA,7.924129386109988e-6,EST,0.04055428804095807,1.8154139291219793
FIN,LVA,2.596053988112153e-6,FIN,0.00174120823346467,4.122779803321979
FRA,LVA,1.5799530568085417e-6,FRA,0.00012348561587427465,8.306029398500598
GBR,LVA,4.572344348681338e-6,GBR,0.0004065583183575495,6.109644821952035
GRC,LVA,1.2252658148384964e-7,GRC,0.00008608777712095586,8.261187235748316
HRV,LVA,2.9979062116629866e-8,HRV,0.00008345856919468619,8.107942312998272
HUN,LVA,3.4562247498164276e-7,HUN,0.0003360770421359031,6.097509680359528
IDN,LVA,8.954894195348576e-9,IDN,1.0029138432203096e-6,26.00803867816746
IND,LVA,1.862950525748059e-7,IND,8.067562397795507e-6,16.11756553826848
IRL,LVA,5.503144778259063e-7,IRL,0.0007951109857350321,4.959911245354677
ITA,LVA,9.663380951317197e-7,ITA,0.0000774641422683077,9.134211693059576
JPN,LVA,5.739378027570862e-7,JPN,0.000019274565421170048,14.356229931932848
KOR,LVA,7.112329209810593e-7,KOR,0.00004897186189963495,10.671809434863945
LTU,LVA,0.00001238919836635439,LTU,0.028862522017690736,1.9108472692688936
LUX,LVA,5.347407955636798e-8,LUX,0.00025231573831802545,6.507599885713753
LVA,LVA,0.00008811099915216345,LVA,0.40206844565273947,1.0
MEX,LVA,8.500019511569027e-8,MEX,9.336529395941369e-6,15.26188015668863
MLT,LVA,3.296736487434879e-8,MLT,0.0006490022826994802,5.163570250467278
NLD,LVA,2.494849761364849e-6,NLD,0.0005546430644592174,5.5052482172401485
NOR,LVA,4.455699605813805e-6,NOR,0.00214023155312445,3.8207339400144913
POL,LVA,2.987302048607676e-6,POL,0.0006406619851466238,5.216484156344772
PRT,LVA,1.1345553479531182e-7,PRT,0.00007204434766502873,8.763262298419972
ROU,LVA,1.6062612992002754e-7,ROU,0.00009000574070137616,8.374338172838282
ROW,LVA,0.000015290639848143816,ROW,0.00013484832932868777,7.4891458151789605
RUS,LVA,9.897273726966151e-6,RUS,0.000798779477469102,4.887852479456401
SVK,LVA,3.7994885788917924e-7,SVK,0.0004381683867228498,5.69951888051276
SVN,LVA,1.1951845310174462e-7,SVN,0.000360246500867516,5.884812426979492
SWE,LVA,6.107823595478897e-6,SWE,0.0027157485525326056,3.6980774460116974
TUR,LVA,7.432847292066117e-7,TUR,0.00010828649622546808,8.227821081982428
TWN,LVA,3.525475639759539e-8,TWN,6.484150554333598e-6,17.35106271806155
USA,LVA,1.965081910136211e-6,USA,0.000024130031434461334,12.985385919096155
AUS,MEX,9.751647051925492e-6,AUS,0.0016071573390854176,4.6088658705970555
AUT,MEX,9.280768992690373e-7,AUT,0.0003944464368095012,6.619362500733804
BEL,MEX,0.000011139231393725398,BEL,0.0036660913889127876,3.7326984121801416
BGR,MEX,1.2491615909640182e-7,BGR,0.000211935689998784,7.141951705479014
BRA,MEX,0.00003023359877932595,BRA,0.001975840594954531,4.419840952976822
CAN,MEX,0.00007749875935614767,CAN,0.00835861873327896,3.1323146478609116
CHE,MEX,0.000010724606187997662,CHE,0.0034530439450919177,3.992661096393126
CHN,MEX,0.00005446215846566376,CHN,0.00030272780220698707,7.340923994218624
CYP,MEX,3.9875340385576955e-8,CYP,0.0003396363866413768,6.433507736020442
CZE,MEX,1.5177742164509328e-6,CZE,0.0009296858415552452,5.322898867113955
DEU,MEX,0.000018856218886384963,DEU,0.0010196071005275943,5.467944246919837
DNK,MEX,1.122044416305173e-6,DNK,0.0008050066287127931,5.405731178741733
ESP,MEX,0.00008183423377491112,ESP,0.009468240921350195,2.9243346860599537
EST,MEX,8.626522395640336e-8,EST,0.00044149010822287196,6.166815837141438
FIN,MEX,3.6231808484860654e-7,FIN,0.0002430115996664281,7.401204965782054
FRA,MEX,0.000011160770229600536,FRA,0.0008723009709018848,5.590328551134274
GBR,MEX,0.000012555565304477336,GBR,0.0011164009372323094,5.207724405520522
GRC,MEX,2.7370517137991285e-7,GRC,0.00019230659588517765,7.414564687855445
HRV,MEX,2.8154971965796605e-8,HRV,0.00007838049325360412,9.037176212170868
HUN,MEX,4.311125217704673e-7,HUN,0.00041920601706258906,6.330845250098577
IDN,MEX,9.799424849512187e-7,IDN,0.00010974980410464034,8.823257117336986
IND,MEX,0.000031906821353131046,IND,0.0013817343435802564,4.888608457359199
IRL,MEX,4.517157000382912e-6,IRL,0.006526524923501258,3.215264519758874
ITA,MEX,0.000013927300111716178,ITA,0.0011164481279405025,5.1439054698900675
JPN,MEX,0.000036781873855615546,JPN,0.001235246450987555,5.567426793966968
KOR,MEX,0.000028722419257689266,KOR,0.0019776789119529984,4.645068625647321
LTU,MEX,8.36911156185875e-7,LTU,0.0019497118342914803,4.1126646963482445
LUX,MEX,2.9513659960827403e-7,LUX,0.001392592629038813,4.658619816468232
LVA,MEX,2.5814381910916756e-7,LVA,0.0011779628548399736,4.7162678671910125
MEX,MEX,0.006684632518787691,MEX,0.7342485264625741,1.0
MLT,MEX,4.774286554741246e-8,MLT,0.0009398758087272546,5.164762945816141
NLD,MEX,6.085486919091613e-6,NLD,0.0013528963410145204,4.833598084290749
NOR,MEX,9.135400154984913e-7,NOR,0.0004388058754366067,6.230174962309802
POL,MEX,1.6765990980911036e-6,POL,0.00035956635418862935,6.612972771384482
PRT,MEX,4.961067893393891e-7,PRT,0.00031502817447055944,6.649435917193881
ROU,MEX,6.058454391657032e-7,ROU,0.00033948130064397866,6.59356736366905
ROW,MEX,0.00026674470705225037,ROW,0.0023524246506684107,4.0208800113066365
RUS,MEX,9.038655484814353e-7,RUS,0.00007294829570603765,9.756125802607073
SVK,MEX,2.1968041320186509e-7,SVK,0.00025334202287652575,7.1717974098646184
SVN,MEX,1.1441661294353613e-7,SVN,0.0003448687912563033,6.5279295443891625
SWE,MEX,5.268558518563201e-7,SWE,0.0002342582418606916,7.48740001630102
TUR,MEX,6.008705825626005e-6,TUR,0.0008753868808809245,5.354078949930126
TWN,MEX,5.330348493227503e-6,TWN,0.000980372172973227,5.429351673171587
USA,MEX,0.0014494694503053628,USA,0.017798618581113205,2.734035338651188
AUS,MLT,6.772295823077158e-8,AUS,0.000011161340106507307,13.498959313857442
AUT,MLT,2.7802278488696085e-7,AUT,0.00011816380403055984,7.565066750234133
BEL,MLT,1.493802776581616e-7,BEL,0.00004916333364835818,9.274363175884895
BGR,MLT,3.916408180823333e-8,BGR,0.00006644670122134616,8.069939578357769
BRA,MLT,4.765095090372929e-8,BRA,3.1141077141023264e-6,18.755641189172252
CAN,MLT,1.8862341105035692e-7,CAN,0.000020343953764408527,11.923695479947032
CHE,MLT,1.1126559604314564e-7,CHE,0.00003582462479077381,10.577627466425234
CHN,MLT,2.879108771436951e-7,CHN,1.6003520522262583e-6,23.018691231592417
CYP,MLT,5.94680703326002e-8,CYP,0.0005065165672066613,4.922363394350011
CZE,MLT,1.1974360614288627e-7,CZE,0.00007334683514925025,8.491953941218803
DEU,MLT,2.8352094113171905e-6,DEU,0.0001533074931236058,7.424413480913882
DNK,MLT,1.535085120917706e-7,DNK,0.00011013411590660536,7.5152692937857415
ESP,MLT,3.218918170148322e-7,ESP,0.00003724296218732346,9.873111739791504
EST,MLT,2.2903669968223266e-9,EST,0.000011721691858218668,12.917080138908739
FIN,MLT,1.916961642371837e-8,FIN,0.000012857318877875355,13.047950020749052
FRA,MLT,5.397095040982389e-7,FRA,0.00004218249410611861,10.079559752105975
GBR,MLT,7.393976354588193e-7,GBR,0.00006574488628713655,8.938368439232667
GRC,MLT,1.366277803394482e-7,GRC,0.00009599534860069275,7.4583431644343605
HRV,MLT,3.185427547599941e-8,HRV,0.00008867896679414705,7.408841401526473
HUN,MLT,9.719583309808896e-8,HUN,0.00009451146976849704,7.768159804310934
IDN,MLT,1.569465573852862e-8,IDN,1.7577413156844922e-6,20.970647443720964
IND,MLT,2.8845490674514384e-8,IND,1.2491625123443816e-6,23.837316501692516
IRL,MLT,6.221580245410112e-8,IRL,0.00008989127128366388,7.935577427058127
ITA,MLT,8.954118473785179e-7,ITA,0.00007177851218273981,8.637234464407648
JPN,MLT,9.042915402998763e-7,JPN,0.000030368842006208827,11.88793896132945
KOR,MLT,2.8462723468735977e-7,KOR,0.00001959797587934708,12.44798284759993
LTU,MLT,2.672740305310321e-8,LTU,0.00006226555070672275,8.22573392343352
LUX,MLT,5.9643976331002905e-9,LUX,0.00002814281994011004,10.4470120445887
LVA,MLT,3.3041410143503053e-9,LVA,0.000015077468813661431,11.855502281322584
MEX,MLT,8.170446203886144e-8,MEX,8.97452188865144e-6,14.29975663316682
MLT,MLT,0.000017361725133381054,MLT,0.34178646931931395,1.0
NLD,MLT,2.588504995621355e-7,NLD,0.00005754640481252868,8.999177603150672
NOR,MLT,3.5239820658591075e-7,NOR,0.00016926943639008674,6.684122802468624
POL,MLT,1.251317453546767e-7,POL,0.00002683597141479328,10.697514201065925
PRT,MLT,4.574493708704218e-8,PRT,0.000029048068543853147,10.202663063035086
ROU,MLT,2.0636725210421462e-7,ROU,0.00011563646208369207,7.297454882705747
ROW,MLT,6.3095839039043045e-6,ROW,0.00005564429328338153,8.668931907474285
RUS,MLT,1.743037153606597e-7,RUS,0.000014067533597394969,12.447937373168218
SVK,MLT,2.2243537924883473e-8,SVK,0.000025651913211955182,10.749681250032982
SVN,MLT,2.4025569565274456e-8,SVN,0.00007241666154992155,8.153611469755887
SWE,MLT,2.2543260641510978e-7,SWE,0.00010023509438266361,7.82745375895294
TUR,MLT,1.4074871695007153e-7,TUR,0.000020505177636330515,11.571498436608852
TWN,MLT,3.642947672030416e-9,TWN,6.700208306818836e-7,28.391892782312034
USA,MLT,2.980494367651475e-7,USA,3.6598689556243434e-6,19.304342737754013
AUS,NLD,0.000012442493439182757,AUS,0.0020506325281077773,3.7015843800741024
AUT,NLD,0.00002966974067542443,AUT,0.012610079509252504,2.3762091537384653
BEL,NLD,0.00031399431535832404,BEL,0.10334033067587928,1.3827931139395213
BGR,NLD,3.710540909001263e-6,BGR,0.006295390872617294,2.6113386986302323
BRA,NLD,0.000020600289807784354,BRA,0.0013462799836412944,4.152519844788637
CAN,NLD,0.000017310170765128307,CAN,0.0018669862438537431,3.8892394028242596
CHE,NLD,0.000026634130224125197,CHE,0.00857549643231946,2.7148704033284523
CHN,NLD,0.000045522305813811004,CHN,0.000253035648579695,6.5534399315199705
CYP,NLD,2.2364612761806618e-6,CYP,0.01904895655712336,2.006709602164463
CZE,NLD,0.000019602845861471164,CZE,0.012007377681124774,2.396741370986015
DEU,NLD,0.001032744555927492,DEU,0.055843310294578556,1.7156964316641397
DNK,NLD,0.00003688968078458971,DNK,0.02646636544075707,1.9269998416951823
ESP,NLD,0.00007188241969164292,ESP,0.008316813590777973,2.578434507982311
EST,NLD,2.3687824810933146e-6,EST,0.012123008391688093,2.2995325855823605
FIN,NLD,0.000029428565964690776,FIN,0.019738133949225117,2.10442574297863
FRA,NLD,0.00026872635986234256,FRA,0.0210030544301637,2.1541912293968433
GBR,NLD,0.00024249154170409744,GBR,0.02156157670836403,2.120478427040163
GRC,NLD,0.000016395909204303704,GRC,0.011519846225870389,2.2749585033149424
HRV,NLD,3.0074382800978227e-6,HRV,0.008372393199687873,2.399514013567494
HUN,NLD,0.000014651259612858676,HUN,0.014246619796690852,2.2381622288945913
IDN,NLD,4.322044406703445e-6,IDN,0.0004840524155770962,5.197059892399175
IND,NLD,9.647501870850834e-6,IND,0.00041778792431798476,5.627342753725931
IRL,NLD,0.00002792234870286498,IRL,0.04034305310098663,1.7405879156593689
ITA,NLD,0.00016899363031553846,ITA,0.013546963207961149,2.352572817423
JPN,NLD,0.000022225263205985732,JPN,0.000746391486339861,5.390166689146393
KOR,NLD,0.00001312952271498247,KOR,0.0009040317935780207,4.822098754981604
LTU,NLD,6.716360681036747e-6,LTU,0.01564678377913627,2.0857419973179896
LUX,NLD,5.5315086557418756e-6,LUX,0.02610024711159061,1.9111865663800345
LVA,NLD,2.9282689862664634e-6,LVA,0.013362288148929377,2.1936235526493575
MEX,NLD,0.000015795132663031958,MEX,0.001734957434162049,3.871591351277994
MLT,NLD,1.1522161000143226e-6,MLT,0.022682761631768397,1.989046676447038
NLD,NLD,0.0017635235398357763,NLD,0.3920581172973645,1.0
NOR,NLD,0.000025899492696255085,NOR,0.012440450744505983,2.304678067009599
POL,NLD,0.00004411643672195355,POL,0.009461287632784024,2.492326188409044
PRT,NLD,0.00001693745694917767,PRT,0.010755297564014795,2.34810488815959
ROU,NLD,0.00001011330549154006,ROU,0.0056669207691087105,2.784444544900913
ROW,NLD,0.0003381900719525381,ROW,0.0029825021484555163,3.2344898945032705
RUS,NLD,0.00003371268222424964,RUS,0.0027208501486421614,3.3698143047829006
SVK,NLD,7.351906704646203e-6,SVK,0.00847843869832428,2.5452286114144838
SVN,NLD,3.768411595835699e-6,SVN,0.01135855640695676,2.3259966963322225
SWE,NLD,0.00004244394723506653,SWE,0.01887203951874521,2.1332953796619325
TUR,NLD,0.000028152391586671256,TUR,0.004101421333574277,3.1063624584825833
TWN,NLD,8.201237416530705e-6,TWN,0.0015083938615512915,4.161194098900197
USA,NLD,0.000100250864303204,USA,0.0012310206991832475,4.5507743870125426
AUS,NOR,2.825316393929354e-6,AUS,0.00046563703070501587,6.340196157512766
AUT,NOR,3.7425798868313997e-6,AUT,0.0015906519190362987,4.714387649504139
BEL,NOR,0.00005050628655363939,BEL,0.016622391229304923,2.5817028426914095
BGR,NOR,2.4072259688993685e-7,BGR,0.0004084156128335318,6.1178419605131955
BRA,NOR,0.000021786381098893773,BRA,0.0014237939884874046,4.841598068440952
CAN,NOR,0.000023960461633432585,CAN,0.0025842525110220914,4.239563825385832
CHE,NOR,2.0040905615397167e-6,CHE,0.0006452649782782018,6.128925679438308
CHN,NOR,0.00003264134918072345,CHN,0.0001814368761161221,8.420508502773698
CYP,NOR,9.065997368814909e-8,CYP,0.0007721921763853484,5.287811138690435
CZE,NOR,1.6152265325731598e-6,CZE,0.0009893785399445049,5.289292102817689
DEU,NOR,0.00025152518274737236,DEU,0.013600651532311972,2.887674689544106
DNK,NOR,0.00006379425499493408,DNK,0.04576895299191855,1.9868609253178189
ESP,NOR,0.000050749855761123956,ESP,0.005871770760287975,3.325891151842348
EST,NOR,1.963656002270388e-6,EST,0.010049642963808642,2.8494396905391723
FIN,NOR,0.000036244569108991026,FIN,0.0243097186884189,2.361946756678478
FRA,NOR,0.00013909534044169428,FRA,0.010871382352574501,3.0028845345436808
GBR,NOR,0.00030900441387007177,GBR,0.027475689774832415,2.359781512635798
GRC,NOR,2.7620918320490117e-6,GRC,0.0019406592687513306,4.19858340643489
HRV,NOR,1.8248128572660152e-7,HRV,0.0005080087880101078,5.716403104482022
HUN,NOR,3.6513648349313533e-7,HUN,0.00035505211099132286,6.660417513914888
IDN,NOR,1.7037652774554948e-6,IDN,0.00019081518386289474,7.755013268115811
IND,NOR,3.977905665368113e-6,IND,0.00017226438235666571,8.303255927076792
IRL,NOR,0.000014139683994268756,IRL,0.020429442676268318,2.439658185879707
ITA,NOR,0.000017168169643319556,ITA,0.001376244548814221,4.927023317241975
JPN,NOR,0.000022764975837415425,JPN,0.0007645166671053563,6.335079708908938
KOR,NOR,0.000012935469254997353,KOR,0.0008906702646566245,5.722789162618119
LTU,NOR,9.897321296686114e-6,LTU,0.023057315364127178,2.238306878436508
LUX,NOR,6.911871043301587e-7,LUX,0.0032613442997392167,3.800756391549479
LVA,NOR,1.696217428524671e-6,LVA,0.007740185805840515,2.9730308797985194
MEX,NOR,2.0012998499201725e-6,MEX,0.00021982531750004914,7.6726828635684425
MLT,NOR,6.393477858107917e-8,MLT,0.0012586331179684817,4.845617467472981
NLD,NOR,0.000039475997970688426,NLD,0.008776115029495967,3.056799782529394
NOR,NOR,0.0014280787754997453,NOR,0.6859572067389509,1.0
POL,NOR,0.00003581513706412396,POL,0.007680976491980278,3.1045116316237897
PRT,NOR,2.0765836200275976e-6,PRT,0.0013186321191529403,4.6918826976151085
ROU,NOR,5.614447152063304e-7,ROU,0.0003146016621341647,6.782504067220384
ROW,NOR,0.0004073435996944446,ROW,0.0035923679078869756,3.6505705499563526
RUS,NOR,0.00004067572803114177,RUS,0.003282816832060105,3.8016787962400636
SVK,NOR,2.492350501982982e-7,SVK,0.00028742531420381196,7.013413936259122
SVN,NOR,9.473921036394973e-8,SVN,0.00028555815560556494,6.9067095723775305
SWE,NOR,0.00010638814106795381,SWE,0.047303828539808475,2.0046409011981408
TUR,NOR,0.000012244732174541734,TUR,0.001783891276517546,4.522708404013325
TWN,NOR,4.190200712557126e-6,TWN,0.0007706730963243727,5.819478545777881
USA,NOR,0.00005569091629867971,USA,0.0006838511687321719,6.232556204379854
AUS,POL,4.729467122702607e-6,AUS,0.000779457844991821,5.459521005269984
AUT,POL,0.000028382482818650254,AUT,0.012062975842240085,2.782553935710925
BEL,POL,0.000025347790820130704,BEL,0.008342345568473304,3.004316693268109
BGR,POL,7.669012153950198e-6,BGR,0.01301142617747453,2.522207073316271
BRA,POL,3.571782270060592e-6,BRA,0.00023342482173674945,7.452498372169307
CAN,POL,9.969651401345127e-6,CAN,0.001075275470986411,5.17026861387413
CHE,POL,9.775817678324783e-6,CHE,0.0031475587495455063,4.0393691507370475
CHN,POL,0.000022123995930032272,CHN,0.00012297618846960568,9.089763391182068
CYP,POL,9.687493602216391e-7,CYP,0.008251278336067359,2.864607352752264
CZE,POL,0.00009146780197172942,CZE,0.05602698973905311,1.8885434362219071
DEU,POL,0.0004090506732119572,DEU,0.022118483742445745,2.5045948522678176
DNK,POL,0.00002901573041782242,DNK,0.020817228786901797,2.369695868472811
ESP,POL,0.000033885500034281896,ESP,0.003920560665936898,3.603722879970351
EST,POL,7.703365852949829e-6,EST,0.03942445945330149,1.9830963614740913
FIN,POL,0.000013041427575744568,FIN,0.008747060413613643,2.9870169169019984
FRA,POL,0.00007877452383272851,FRA,0.006156841526884671,3.3904587039096152
GBR,POL,0.0000714612296901811,GBR,0.006354105280583588,3.332985857173337
GRC,POL,5.401812280965955e-6,GRC,0.0037953398035048863,3.4774874268381066
HRV,POL,4.5578560943114e-6,HRV,0.012688594017606058,2.504525190568388
HUN,POL,0.00003526775364362452,HUN,0.03429372562636902,2.0809370309710133
IDN,POL,1.394912661475725e-6,IDN,0.00015622487410336556,7.98521031067972
IND,POL,3.026713425303067e-6,IND,0.00013107272083391936,8.707777937896157
IRL,POL,5.372948762203643e-6,IRL,0.00776299871938141,3.0435038877524723
ITA,POL,0.000060131861388795156,ITA,0.004820324365712659,3.5275857669727384
JPN,POL,7.215054123899545e-6,JPN,0.00024230331589996927,8.269840067156512
KOR,POL,5.181861653063267e-6,KOR,0.0003567964948905766,7.045632174413063
LTU,POL,0.000026591259461387485,LTU,0.0619483835020928,1.7123890681438199
LUX,POL,1.4943203827927446e-6,LUX,0.007050903050525266,3.0700548739865585
LVA,POL,0.00001136596472633309,LVA,0.05186521336534409,1.8099073821064062
MEX,POL,3.936163236023727e-6,MEX,0.00043235316942908395,6.34592799937766
MLT,POL,2.3256921163887962e-7,MLT,0.004578405032204835,3.4366356375699505
NLD,POL,0.00004676147391125598,NLD,0.010395787189437846,2.869897278136982
NOR,POL,0.000020604461481554103,NOR,0.00989705826228049,2.8260891067627583
POL,POL,0.0030619090814127878,POL,0.6566623389659171,1.0
PRT,POL,4.2024272293526005e-6,PRT,0.0026685443675769694,3.852987306579979
ROU,POL,0.00002853892180336354,ROU,0.015991587402431198,2.487972347151416
ROW,POL,0.0001545419393540418,ROW,0.0013629071471222788,4.555934877522265
RUS,POL,0.00006092455066748165,RUS,0.004917038983636191,3.365885185203351
SVK,POL,0.00004255730070999597,SVK,0.049078352015515275,1.900318340445802
SVN,POL,5.2857991546808844e-6,SVN,0.015932189551861486,2.475221662057721
SWE,POL,0.00003885958685096805,SWE,0.017278309547225396,2.5256517903283107
TUR,POL,0.00001943992134316879,TUR,0.0028321326759900268,3.9463937239329896
TWN,POL,1.8999209780453833e-6,TWN,0.0003494386267784073,6.9461957908731184
USA,POL,0.000023656488625282778,USA,0.0002904875421287059,7.561585218242411
AUS,PRT,1.524685242743014e-6,AUS,0.0002512815593736881,7.1883962632829626
AUT,PRT,2.298039197099934e-6,AUT,0.0009767007169972314,5.175309107326655
BEL,PRT,9.763136548369872e-6,BEL,0.0032131975325443048,3.7835794996881145
BGR,PRT,9.522847560210856e-7,BGR,0.0016156686877227713,4.215444276158085
BRA,PRT,0.000012374426003578901,BRA,0.000808699401470236,5.419526364945914
CAN,PRT,4.726738915014452e-6,CAN,0.0005098018183851658,6.181760305340979
CHE,PRT,4.246992390403936e-6,CHE,0.0013674209664638324,4.9362927965768275
CHN,PRT,4.756902538448683e-6,CHN,0.000026441233534387005,13.243624930033098
CYP,PRT,2.855608207926901e-7,CYP,0.002432251220994102,3.8571166123605503
CZE,PRT,2.8721580068869995e-6,CZE,0.0017592897578377722,4.4510392262281115
DEU,PRT,0.000040314797665458635,DEU,0.0021799308866590826,4.434913008173518
DNK,PRT,2.7863451321756854e-6,DNK,0.0019990530398691394,4.223395237803172
ESP,PRT,0.00011230626728200223,ESP,0.012993862672782153,2.649862435163236
EST,PRT,2.3457262583082244e-7,EST,0.001200501073486007,4.709925974300236
FIN,PRT,2.5106041867587135e-6,FIN,0.0016838959054676988,4.4739782506837145
FRA,PRT,0.000055691511589577795,FRA,0.00435272464455359,3.6684036698796376
GBR,PRT,0.00002243656829841082,GBR,0.0019949882995463635,4.417549750040683
GRC,PRT,2.291959422488159e-6,GRC,0.0016103419318806583,4.274823363443017
HRV,PRT,1.9885491896939385e-7,HRV,0.0005535912681305905,5.436894888525134
HUN,PRT,1.4137230428502765e-6,HUN,0.0013746787116946746,4.614044397637281
IDN,PRT,2.918973593603619e-7,IDN,0.00003269138597461284,11.713455619689315
IND,PRT,7.867093624137426e-7,IND,0.00003406868181673396,12.099461902939547
IRL,PRT,2.8121191509107908e-6,IRL,0.004063034719563364,3.5500794381063154
ITA,PRT,0.00001731204796065788,ITA,0.001387778204063631,4.777889450481285
JPN,PRT,2.152004708046168e-6,JPN,0.0000722708198216687,11.102369312734057
KOR,PRT,1.439703215233443e-6,KOR,0.00009913060117579989,9.628145427640673
LTU,PRT,3.786744172077255e-7,LTU,0.0008821796520649518,4.918018376088035
LUX,PRT,5.434626286149331e-7,LUX,0.0025643110741660675,3.922239526039731
LVA,PRT,1.7282582980231798e-7,LVA,0.0007886394823109518,5.113582060424142
MEX,PRT,3.385823794556086e-6,MEX,0.0003719031861553384,6.537576627406486
MLT,PRT,1.7518984020385018e-7,MLT,0.0034488229990903042,3.659854166057339
NLD,PRT,0.00001709146002389842,NLD,0.0037996916329547732,3.661955600515687
NOR,PRT,2.3443310250280037e-6,NOR,0.0011260658649848813,4.827706945115022
POL,PRT,4.161302260176722e-6,POL,0.0008924401093095079,5.167258902263805
PRT,PRT,0.0008973634465245958,PRT,0.5698264455757328,1.0
ROU,PRT,1.5734569864715137e-6,ROU,0.0008816757373139324,5.09402046790533
ROW,PRT,0.00010953492429345884,ROW,0.000965989761763323,4.92629493215674
RUS,PRT,3.929678411155847e-6,RUS,0.0003171526376331588,6.626399163419117
SVK,PRT,7.814483787573768e-7,SVK,0.0009011896425470421,5.121701573014287
SVN,PRT,2.6851517212901035e-7,SVN,0.0008093449059867622,5.172720575211229
SWE,PRT,3.8900973972931446e-6,SWE,0.0017296711685860962,4.454791327329656
TUR,PRT,6.404465500630395e-6,TUR,0.000933043693767824,5.168003272598784
TWN,PRT,8.988200944862869e-7,TWN,0.00016531343312038737,8.309639379432049
USA,PRT,0.000028452168222725403,USA,0.00034937562146982316,7.163760277553061
AUS,ROU,2.9970749394927717e-7,AUS,0.000049394435208190864,11.089861387528849
AUT,ROU,7.548711991475631e-6,AUT,0.003208314472522562,3.948943296848683
BEL,ROU,2.8961012070279927e-6,BEL,0.0009531511934015393,5.266477467740132
BGR,ROU,0.000013409598943000387,BGR,0.02275104057913364,2.2353965332789683
BRA,ROU,7.604260710081246e-7,BRA,0.00004969572797225322,11.181544824674145
CAN,ROU,2.8933665311016257e-6,CAN,0.00031206367547082474,7.1791852722802005
CHE,ROU,1.930686460966257e-6,CHE,0.0006216307691905274,6.175424329541279
CHN,ROU,3.7538334747077117e-6,CHN,0.00002086567608894407,14.434197550830682
CYP,ROU,4.566644675823589e-7,CYP,0.003889618701117863,3.523396988147536
CZE,ROU,3.8062077581753194e-6,CZE,0.002331425467924808,4.261513226473906
DEU,ROU,0.00003373260423003944,DEU,0.001824013764343253,4.763346980831986
DNK,ROU,1.3006629666797785e-6,DNK,0.0009331558489870819,5.248711705756203
ESP,ROU,7.765026129370744e-6,ESP,0.0008984154278964098,5.308380632032354
EST,ROU,1.864480382199394e-7,EST,0.0009542079739254312,5.124097900544462
FIN,ROU,4.807803291620011e-7,FIN,0.0003224658159877086,6.947446604383242
FRA,ROU,0.000016556269978279287,FRA,0.001294001227465791,5.103371750622268
GBR,ROU,8.386326682853716e-6,GBR,0.0007456854981539962,5.803648116413406
GRC,ROU,6.5613771827523135e-6,GRC,0.004610055790953088,3.3759391803907453
HRV,ROU,1.1366156504081929e-6,HRV,0.0031642189318102413,3.6120609755258477
HUN,ROU,0.00001560722082891441,HUN,0.015176179189220857,2.600248886120405
IDN,ROU,1.997217822305358e-7,IDN,0.00002236807446543364,13.229994976277919
IND,ROU,6.055707499017247e-7,IND,0.000026224420582238702,13.26941794367361
IRL,ROU,5.876017932721538e-7,IRL,0.000848984825756479,5.393853939940584
ITA,ROU,0.000048356413377647816,ITA,0.0038763742258972134,3.796497757920504
JPN,ROU,3.2275198925765717e-6,JPN,0.00010838986910908228,10.30582353023309
KOR,ROU,1.543929055143082e-6,KOR,0.00010630705953122553,9.719132649085843
LTU,ROU,3.6296200512902894e-7,LTU,0.0008455751982365274,5.105811847471746
LUX,ROU,1.8736296265261612e-7,LUX,0.0008840661615374687,5.258102604186637
LVA,ROU,1.265644733006955e-7,LVA,0.0005775394847922208,5.678359675263878
MEX,ROU,8.303310628530953e-7,MEX,0.00009120461860281234,9.543188861920001
MLT,ROU,1.3159985639205846e-7,MLT,0.0025907016689654914,4.038318934434905
NLD,ROU,5.497544491712084e-6,NLD,0.0012221877930701443,4.995041911737001
NOR,ROU,8.74409828020174e-7,NOR,0.0004200102497594412,6.345857785953963
POL,ROU,7.152307602589018e-6,POL,0.001533896309276677,4.635850810967366
PRT,ROU,1.2640933777670283e-6,PRT,0.0008027002204274259,5.302378969160557
ROU,ROU,0.0011797539925885627,ROU,0.6610669882988937,1.0
ROW,ROU,0.00006021944296715646,ROW,0.0005310759626720931,5.876893738226597
RUS,ROU,3.3063957506959352e-6,RUS,0.00026684935093298053,7.107250083147566
SVK,ROU,3.980834598072543e-6,SVK,0.004590817520385094,3.5020252221154484
SVN,ROU,1.0707300892982242e-6,SVN,0.0032273406995561075,3.760232373599996
SWE,ROU,2.149003716394545e-6,SWE,0.0009555210036690787,5.308009019267299
TUR,ROU,0.00002215221332442349,TUR,0.003227276802930462,3.892805282486667
TWN,ROU,3.618225668675799e-7,TWN,0.00006654738926758956,10.716424707122878
USA,ROU,6.3732658874699805e-6,USA,0.00007825989614558657,10.696774406444488
AUS,ROW,0.0007951160771199954,AUS,0.13104213390453737,1.6423869672386886
AUT,ROW,0.00012910580743032545,AUT,0.0548718815783636,2.0639314675875755
BEL,ROW,0.00030052382251591586,BEL,0.09890698549536876,1.7538261587628639
BGR,ROW,0.00007720678926670132,BGR,0.1309908523780442,1.5338300877360482
BRA,ROW,0.0008511054665995153,BRA,0.05562185116529921,2.05472080814679
CAN,ROW,0.0004942146482256934,CAN,0.05330345738744345,2.1107156323938576
CHE,ROW,0.00012828138036409577,CHE,0.04130326428489373,2.2989866082854657
CHN,ROW,0.0066010833943311075,CHN,0.03669210924518835,2.369137113079966
CYP,ROW,0.000016494812051909136,CYP,0.14049380668523148,1.527589436686541
CZE,ROW,0.00007304512431591217,CZE,0.04474250328875692,2.1640722718541476
DEU,ROW,0.0007519903483911989,DEU,0.04066216580151723,2.3299908999635344
DNK,ROW,0.00008768047827257995,DNK,0.06290603579719403,1.9469320329814566
ESP,ROW,0.0009822290902459557,ESP,0.11364414667811719,1.6823919963810188
EST,ROW,0.000013646916144255308,EST,0.06984249514590761,1.8620050216978483
FIN,ROW,0.00005789264567540322,FIN,0.03882937403022532,2.2291466795694492
FRA,ROW,0.0009403966189723025,FRA,0.07349930756452368,1.9758440834090083
GBR,ROW,0.0007384989599279704,GBR,0.06566497891693239,2.0136739416743357
GRC,ROW,0.00021572520692559108,GRC,0.1515695884784827,1.498479295809476
HRV,ROW,0.00003351622637933525,HRV,0.09330566405120648,1.6475071481808663
HUN,ROW,0.00009162884911725936,HUN,0.08909823525591351,1.7755007507478737
IDN,ROW,0.0008822927524942972,IDN,0.09881340817059615,1.7248266942928026
IND,ROW,0.0024230385027574123,IND,0.10493039961652773,1.7733139160193925
IRL,ROW,0.000049830752363860485,IRL,0.07199697668953861,1.8892011637778636
ITA,ROW,0.0008859671702965439,ITA,0.07102140262362994,1.9504052898466335
JPN,ROW,0.0035726769466968467,JPN,0.11998128578918425,1.899039954184211
KOR,ROW,0.002153895820598324,KOR,0.14830625180713627,1.690288265881332
LTU,ROW,0.00008027755456619898,LTU,0.18701877374775502,1.4072270345421958
LUX,ROW,4.578704291771749e-6,LUX,0.021604470119032163,2.5136045222733787
LVA,ROW,0.000015887523073297823,LVA,0.07249800557046622,1.8030983199451593
MEX,ROW,0.0001738284788790979,MEX,0.019093540911259484,2.6666051464063476
MLT,ROW,3.3262754454275627e-6,MLT,0.06548173823408629,1.914289080308084
NLD,ROW,0.0004156666392411931,NLD,0.09240901883249072,1.800435790666724
NOR,ROW,0.00005377760708012687,NOR,0.025831304106371574,2.408525948654024
POL,ROW,0.0001494928628388888,POL,0.03206049897641019,2.3044563584380087
PRT,ROW,0.0001618909147151746,PRT,0.10280084937761454,1.675299810575628
ROU,ROW,0.00012784346515483453,ROU,0.07163620128817383,1.852511172685742
ROW,ROW,0.09167660208771208,ROW,0.8084970120828254,1.0
RUS,ROW,0.0007989158452856354,RUS,0.06447811781746716,1.9160094751918744
SVK,ROW,0.00009020328892766341,SVK,0.10402513066128896,1.706042379107915
SVN,ROW,0.000023449418511380972,SVN,0.07068005606558207,1.8474992548122864
SWE,ROW,0.00008464443290719627,SWE,0.03763582764862708,2.2520288469179146
TUR,ROW,0.0006422971743393187,TUR,0.09357398021477444,1.7830583874859078
TWN,ROW,0.0007221367779191238,TWN,0.13281735763655253,1.704125475762915
USA,ROW,0.00434673604773762,USA,0.0533753208597522,2.224770074522398
AUS,RUS,9.13764943579246e-6,AUS,0.0015059651230736302,4.885236935264178
AUT,RUS,0.00004756809289945353,AUT,0.020217144468083148,2.5799655876769796
BEL,RUS,0.00006529104643138071,BEL,0.02148828178845627,2.501808094681792
BGR,RUS,9.012100669441493e-6,BGR,0.01529014170410562,2.5556168818885654
BRA,RUS,0.000024573703436391178,BRA,0.0016059524098466533,4.854473582532426
CAN,RUS,0.00004520212974518808,CAN,0.004875269896075615,3.7379202974869856
CHE,RUS,0.00007335558495109603,CHE,0.023618588320523715,2.57472104404305
CHN,RUS,0.0002840658038537673,CHN,0.0015789792198013647,5.065827452278731
CYP,RUS,5.949013080550853e-6,CYP,0.050670446627495105,1.9197443126553067
CZE,RUS,0.000044177475029554016,CZE,0.027060133586058004,2.3899041164260044
DEU,RUS,0.0002965361573597306,DEU,0.01603451749414406,2.86351200909135
DNK,RUS,9.910921163295934e-6,DNK,0.007110553840083621,3.27008577158488
ESP,RUS,0.000046077627051395704,ESP,0.0053311927524943865,3.520618741680821
EST,RUS,9.113859712503963e-6,EST,0.046643116730734166,2.005972731251272
FIN,RUS,0.00006192786712273976,FIN,0.041535851183678134,2.134686463618449
FRA,RUS,0.00007506296486126872,FRA,0.005866754335072654,3.6202214577916147
GBR,RUS,0.00009408791628201844,GBR,0.008365998294160683,3.2824966429140785
GRC,RUS,0.000018067921099065874,GRC,0.012694609984041882,2.712751767871648
HRV,RUS,7.26239794855305e-6,HRV,0.020217755290364577,2.351701557962399
HUN,RUS,0.000014839684874889636,HUN,0.014429841112753737,2.7257365624293293
IDN,RUS,0.00001531210287177753,IDN,0.001714896860188014,4.628082206455312
IND,RUS,0.00003225461085740216,IND,0.0013967954710134654,5.084390288830063
IRL,RUS,0.000013694400871867105,IRL,0.019786084166452857,2.5411361680239772
ITA,RUS,0.0001274886317405854,ITA,0.010219815980035893,3.0840580190837747
JPN,RUS,0.00022119832660969814,JPN,0.007428508101071107,3.7076455655710094
KOR,RUS,0.00008981932799919748,KOR,0.006184499616001117,3.642802540551708
LTU,RUS,0.0000394903608391906,LTU,0.09199880214227957,1.6364436647816578
LUX,RUS,6.789236477712647e-6,LUX,0.03203479571226655,2.2183930466069977
LVA,RUS,0.000013331195559233154,LVA,0.060832962158754146,1.8347517629711152
MEX,RUS,6.457522034213993e-6,MEX,0.00070930242236878,5.915392990892459
MLT,RUS,3.0917282104533243e-7,MLT,0.006086439343023839,3.37643099600246
NLD,RUS,0.0000418182106440071,NLD,0.009296824546703124,3.1133912455234793
NOR,RUS,0.000013678049997558845,NOR,0.006570055609626874,3.302986377391012
POL,RUS,0.00017537544452700003,POL,0.03761132239339728,2.156465614665515
PRT,RUS,4.933451379492047e-6,PRT,0.0031327452381576322,3.905004841858041
ROU,RUS,0.00003295732601528212,ROU,0.01846740963639655,2.5319411579137867
ROW,RUS,0.0019007674870933394,ROW,0.016762890410236164,2.5665132432540347
RUS,RUS,0.009685814993288423,RUS,0.7817132730320999,1.0
SVK,RUS,0.000019044581342005113,SVK,0.02196278080370595,2.4511149677397954
SVN,RUS,2.48291447525595e-6,SVN,0.007483875740115349,3.154190957977126
SWE,RUS,0.000045660063678709996,SWE,0.020302035562354957,2.5591783444980263
TUR,RUS,0.00011739669738076812,TUR,0.01710310534884037,2.6558083307986275
TWN,RUS,4.0006648155182873e-7,TWN,0.00007358131393304754,10.817689816513424
USA,RUS,0.00018548310535337372,USA,0.0022776216806291677,4.767173881697556
AUS,SVK,3.906827975949284e-7,AUS,0.00006438796667534572,9.192845278924914
AUT,SVK,0.000026618919861566954,AUT,0.01131343544848756,2.552448622090185
BEL,SVK,3.0143128836982617e-6,BEL,0.0009920564638454168,4.618299418323995
BGR,SVK,1.2937168648274942e-6,BGR,0.0021949504242976393,3.552664652206261
BRA,SVK,4.3587058630270354e-7,BRA,0.000028485222842621664,11.38235620449606
CAN,SVK,6.88532969559559e-7,CAN,0.00007426163496879496,9.104379325935458
CHE,SVK,2.946169659524702e-6,CHE,0.0009485899179608652,4.921367631831279
CHN,SVK,2.464862651742302e-6,CHN,0.000013700934269332563,14.202628228470513
CYP,SVK,2.0780109516057248e-7,CYP,0.0017699363169821514,3.7997448102239053
CZE,SVK,0.00005331675798605521,CZE,0.032658240257348266,1.9510865466605387
DEU,SVK,0.00006459702743203774,DEU,0.0034929371704651743,3.586551383494526
DNK,SVK,1.951048371035122e-6,DNK,0.001399772458914316,4.200803896490074
ESP,SVK,3.7797493800078782e-6,ESP,0.00043731793042351964,5.629081540206298
EST,SVK,1.8902225821875025e-7,EST,0.0009673823750773814,4.523078664080337
FIN,SVK,8.155024246925423e-7,FIN,0.0005469684154441061,5.392139019100306
FRA,SVK,0.00001120134749770224,FRA,0.000875472399901273,4.984088750179838
GBR,SVK,7.314040542353132e-6,GBR,0.0006503412246620508,5.319369763275377
GRC,SVK,8.132400870922051e-7,GRC,0.0005713864739844112,5.039578040724683
HRV,SVK,1.5986103658136025e-6,HRV,0.0044503638343171585,2.9378412828905187
HUN,SVK,0.00003380905440679244,HUN,0.03287531287729516,1.8984255108136285
IDN,SVK,2.7029786202252908e-8,IDN,3.0272325021557155e-6,19.32016759062358
IND,SVK,2.0037871380784827e-7,IND,8.67745951646085e-6,15.496574338721869
IRL,SVK,4.5553229912815585e-7,IRL,0.0006581668300366181,5.091499092806244
ITA,SVK,0.000016158736265048874,ITA,0.0012953257780251217,4.422830791189673
JPN,SVK,4.148667591279627e-7,JPN,0.00001393247918409916,15.24502982552355
KOR,SVK,6.279378364107402e-7,KOR,0.00004323658832305552,10.779799569120447
LTU,SVK,1.4867897244138752e-6,LTU,0.003463702806882987,3.1788732723007396
LUX,SVK,1.4658760251770357e-7,LUX,0.0006916689256621172,4.952006279640571
LVA,SVK,5.461278747600447e-7,LVA,0.002492092790290571,3.4896572282317972
MEX,SVK,5.919132063312756e-7,MEX,0.00006501649841198702,9.199142302786873
MLT,SVK,2.7026742408593244e-8,MLT,0.0005320539747098711,5.31338821266899
NLD,SVK,4.313565690365817e-6,NLD,0.0009589712896947291,4.700864415356707
NOR,SVK,1.0839779438953274e-6,NOR,0.0005206732957016787,5.326837957883217
POL,SVK,0.000031711543806423864,POL,0.006800912755560394,2.829711471686643
PRT,SVK,6.543512519983259e-7,PRT,0.00041551352412259944,5.536920951580287
ROU,SVK,7.909290765725538e-6,ROU,0.004431916364704253,3.0954157143845773
ROW,SVK,0.000023939024258793798,ROW,0.00021111853127906522,6.5555768806267505
RUS,SVK,4.361599972498119e-6,RUS,0.0003520117401086822,5.874005548519127
SVK,SVK,0.0003685303245402784,SVK,0.4250001925505482,1.0
SVN,SVK,2.473515659273926e-6,SVN,0.0074555463024264315,2.701540759911323
SWE,SVK,2.7688317221684818e-6,SWE,0.001231117864512562,4.412881930426013
TUR,SVK,6.925574181677773e-6,TUR,0.0010089621554366496,4.611142252383886
TWN,SVK,1.2200417294539052e-7,TWN,0.000022439338871416055,12.456202580690215
USA,SVK,4.409528322319856e-6,USA,0.00005414637246411288,10.388451496042764
AUS,SVN,5.722230805857679e-7,AUS,0.00009430740455028005,8.297628254876855
AUT,SVN,0.00001605797357557486,AUT,0.006824876757793841,2.8758830766652888
BEL,SVN,1.336120394793551e-6,BEL,0.0004397376534131942,5.620268502034547
BGR,SVN,1.9629997221602067e-6,BGR,0.003330471442548767,3.1785076354096207
BRA,SVN,4.304350272623836e-7,BRA,0.000028129995590764362,11.337934808387567
CAN,SVN,1.1230394500348965e-6,CAN,0.00012112527559485826,7.999669958878463
CHE,SVN,3.999794981186464e-6,CHE,0.0012878298372253451,4.527204448476979
CHN,SVN,1.1041365698629442e-6,CHN,6.1373409822106794e-6,17.238540567595084
CYP,SVN,9.878107249972293e-8,CYP,0.0008413632638105525,4.54398875505844
CZE,SVN,5.178655145730436e-6,CZE,0.0031720939222045653,3.4703838493582797
DEU,SVN,0.000034066576484456616,DEU,0.001842072553543501,4.179144247012917
DNK,SVN,1.4523927282258448e-6,DNK,0.0010420138068741734,4.49073775693921
ESP,SVN,2.8765041468765193e-6,ESP,0.00033281223538796887,5.984478808124792
EST,SVN,3.3815497551688114e-7,EST,0.0017306171582247279,3.8834947825297
FIN,SVN,5.192573836750653e-7,FIN,0.0003482728925833445,5.993921050035439
FRA,SVN,7.002483052870232e-6,FRA,0.000547298496437313,5.56582582836654
GBR,SVN,3.615895382133027e-6,GBR,0.00032151391798406447,6.299192069968995
GRC,SVN,8.019759929684502e-7,GRC,0.0005634722662047458,5.021665971618658
HRV,SVN,0.000013954276585546645,HRV,0.03884724456842196,1.6971743031148627
HUN,SVN,6.123774205449671e-6,HUN,0.005954647254305371,2.8895906194497845
IDN,SVN,9.892306692141474e-8,IDN,0.00001107900451585783,13.870318782603505
IND,SVN,7.47505844613761e-7,IND,0.00003237096187359463,11.072208253147542
IRL,SVN,3.5808018840718884e-7,IRL,0.0005173650758770259,5.369324911607551
ITA,SVN,0.000026885601902451638,ITA,0.002155218863079917,3.8668873944567115
JPN,SVN,3.8532318135220785e-7,JPN,0.000012940316584112305,15.42014464186067
KOR,SVN,3.6506516036432813e-7,KOR,0.00002513652010521328,12.258477822513733
LTU,SVN,1.0036077492492382e-6,LTU,0.0023380569027368655,3.482442022536217
LUX,SVN,1.564632277437439e-7,LUX,0.0007382667482133937,4.837731041171548
LVA,SVN,5.661290223222582e-7,LVA,0.0025833621027372775,3.434130504620337
MEX,SVN,4.281515209936555e-7,MEX,0.000047028706889831356,9.904938091761831
MLT,SVN,3.846215627245437e-8,MLT,0.0007571738691735548,4.830597589197159
NLD,SVN,2.605743402351443e-6,NLD,0.0005792964082470199,5.2947225967403
NOR,SVN,6.190236518484736e-7,NOR,0.0002973391541224537,6.084670710938511
POL,SVN,8.045550070333087e-6,POL,0.0017254626401299322,3.9591035422168477
PRT,SVN,5.990300067339347e-7,PRT,0.00038038449287453724,5.620800965325659
ROU,SVN,3.835388834981626e-6,ROU,0.0021491336007546276,3.68332730272706
ROW,SVN,0.000032289739679988655,ROW,0.0002847635869752881,6.04033024988299
RUS,SVN,4.076024461456245e-6,RUS,0.000328963791372407,5.932338289872999
SVK,SVN,3.264793451418888e-6,SVK,0.003765057454150278,3.236634607394949
SVN,SVN,0.0001280907995875559,SVN,0.38608483583248204,1.0
SWE,SVN,1.2094518512961972e-6,SWE,0.0005377639126556985,5.389997901242111
TUR,SVN,2.580373514501101e-6,TUR,0.0003759253969021752,5.860586987747194
TWN,SVN,1.504140483783763e-7,TWN,0.00002766456032692178,11.738065474786316
USA,SVN,4.053840876107894e-6,USA,0.000049778743199568385,10.53468295380877
AUS,SWE,9.868298490011777e-6,AUS,0.001626382523696485,4.272790030488236
AUT,SWE,0.000010539143690197233,AUT,0.004479292264354205,3.3528905959935678
BEL,SWE,0.00002498650539042198,BEL,0.008223441008905498,2.8360826729332658
BGR,SWE,8.184647641967856e-7,BGR,0.0013886265459528873,4.150783923537991
BRA,SWE,8.197747343966256e-6,BRA,0.0005357431018256812,5.695266210337174
CAN,SWE,0.000010489255569769472,CAN,0.001131317311812822,4.801881742298491
CHE,SWE,7.220265373234919e-6,CHE,0.0023247374488126154,4.098529399719523
CHN,SWE,0.000035874431345164836,CHN,0.00019940795705690066,7.576816016256216
CYP,SWE,3.7901153706107464e-7,CYP,0.003228213419574427,3.406978390673897
CZE,SWE,8.328586819254556e-6,CZE,0.005101529043055076,3.23381920862817
DEU,SWE,0.0001407226624519554,DEU,0.007609257545517885,3.076134197159395
DNK,SWE,0.00008895822494108136,DNK,0.06382275043256151,1.684492137238457
ESP,SWE,0.000021991868988821927,ESP,0.002544464636519562,3.776624914643903
EST,SWE,5.936016869197625e-6,EST,0.030379480975083268,1.990924055965446
FIN,SWE,0.00008069252442557139,FIN,0.054121558547026646,1.7814562744077718
FRA,SWE,0.000048123986806222666,FRA,0.0037612637435543747,3.607273180703047
GBR,SWE,0.00009551704165519533,GBR,0.008493071577389771,2.9157172307533914
GRC,SWE,3.0141339652352345e-6,GRC,0.002117745307748394,3.7846378611022993
HRV,SWE,5.987680278888207e-7,HRV,0.001666907480051035,3.9130503206704508
HUN,SWE,5.426864911940182e-6,HUN,0.005276985264840909,3.125220486506483
IDN,SWE,4.117960963556378e-6,IDN,0.00046119585179875763,5.730164418986555
IND,SWE,8.895728060559493e-6,IND,0.00038523213692734257,6.255605078530595
IRL,SWE,4.906580482621322e-6,IRL,0.0070891757373671895,2.9285108059912517
ITA,SWE,0.000032811964206661164,ITA,0.00263029127818971,3.8606480647353996
JPN,SWE,0.00001736243343454943,JPN,0.0005830829708329424,6.245524086434971
KOR,SWE,9.333692556671867e-6,KOR,0.0006426703396525679,5.720613072162659
LTU,SWE,5.711977265006878e-6,LTU,0.013306919842653368,2.365947388546972
LUX,SWE,3.887465130706154e-7,LUX,0.001834288019124764,4.043476920320149
LVA,SWE,2.9326244356190954e-6,LVA,0.01338216295194129,2.388682028758869
MEX,SWE,5.2156960922584125e-6,MEX,0.0005728986835781775,5.563522810259479
MLT,SWE,4.398433057912289e-7,MLT,0.00865884521182046,2.7565227105239956
NLD,SWE,0.00004221063878195789,NLD,0.009384067293093584,2.7694749809818813
NOR,SWE,0.0001259097433474196,NOR,0.06047894368963651,1.6907362355242792
POL,SWE,0.000029545141686451806,POL,0.006336302394698477,3.0011733441087505
PRT,SWE,6.658070496184115e-6,PRT,0.004227879639990731,3.2303535618550994
ROU,SWE,2.4605573249581145e-6,ROU,0.001378756275092442,4.318780129558894
ROW,SWE,0.00013554626022989458,ROW,0.0011953840336492974,4.4282460020195575
RUS,SWE,0.000012544235285584497,RUS,0.0010124078592843111,4.700032493676082
SVK,SWE,2.57958818409742e-6,SVK,0.0029748582462247285,3.6024404515478126
SVN,SWE,9.915158120928697e-7,SVN,0.0029885770154437843,3.5377845201167335
SWE,SWE,0.0012377991638084103,SWE,0.5503681032842912,1.0
TUR,SWE,0.00001279530916211702,TUR,0.0018641028704655877,4.1212206634596935
TWN,SWE,4.180191586065201e-6,TWN,0.0007688321905935523,5.364711668214973
USA,SWE,0.00005595089505847196,USA,0.000687043552527331,5.735393091531471
AUS,TUR,9.71179281106485e-6,AUS,0.001600589009104667,4.6014420987489695
AUT,TUR,0.000014435666571813242,AUT,0.006135372237695485,3.324361134869248
BEL,TUR,0.00002405474482366854,BEL,0.007916784358229631,3.071084532999879
BGR,TUR,0.00002561064390022601,BGR,0.043451620075179644,1.8824423778166188
BRA,TUR,0.000015835506291034054,BRA,0.0010348895743393374,5.181748920642497
CAN,TUR,0.000025351442534163,CAN,0.0027342765773564663,4.130890193147656
CHE,TUR,0.000014218646270473189,CHE,0.004578033873785345,3.711064263347993
CHN,TUR,0.0000388848775749807,CHN,0.00021614151658684534,7.964976647434128
CYP,TUR,2.0331930869025404e-8,CYP,0.0001731762905852406,7.593369318578805
CZE,TUR,0.00001044675895702252,CZE,0.0063989780477327375,3.2776295388033874
DEU,TUR,0.00020030942565713643,DEU,0.010831276086325494,3.0207698285996436
DNK,TUR,9.431039083788674e-6,DNK,0.006766264211803205,3.166447719380072
ESP,TUR,0.00006581393766563386,ESP,0.007614688731795635,3.079899977765677
EST,TUR,2.391966859445285e-6,EST,0.012241661925965873,2.6803183457217434
FIN,TUR,4.249890770000876e-6,FIN,0.002850458747752107,3.98874013835117
FRA,TUR,0.00006136724236875844,FRA,0.004796327135009501,3.64109469103071
GBR,TUR,0.00009531310343176368,GBR,0.008474938039133602,3.129133983842316
GRC,TUR,0.0000214434267846378,GRC,0.015066256834960826,2.4856393342547873
HRV,TUR,3.0745310858057286e-6,HRV,0.00855917254408013,2.7882522036226756
HUN,TUR,7.072341010167927e-6,HUN,0.00687701645502054,3.137428301255855
IDN,TUR,0.000012600160258346698,IDN,0.0014111696770749392,4.647188786255986
IND,TUR,0.000012786703099167806,IND,0.0005537319627594461,6.128042174788521
IRL,TUR,4.182694845512669e-6,IRL,0.006043283896115329,3.269069924314157
ITA,TUR,0.00008761298564732338,ITA,0.0070232818295447134,3.239461652189016
JPN,TUR,9.30181309321711e-6,JPN,0.00031238298669201167,7.8302625920447495
KOR,TUR,6.475812404888213e-6,KOR,0.0004458913267719422,6.723247127372592
LTU,TUR,4.1087738296214894e-6,LTU,0.009572013589290648,2.75562638437131
LUX,TUR,8.560386111324343e-7,LUX,0.00403919087506567,3.5603684960644024
LVA,TUR,2.695636157086428e-6,LVA,0.012300737140130956,2.6166993642897824
MEX,TUR,7.112188375644688e-6,MEX,0.0007812118048470421,5.522348655424914
MLT,TUR,2.788854400242836e-6,MLT,0.05490195770188452,1.8632721984596752
NLD,TUR,0.00003679756891276311,NLD,0.008180659494004481,3.074290041010326
NOR,TUR,5.315020631628235e-6,NOR,0.0025529941126362244,4.0009318071932976
POL,TUR,0.000029865783232563085,POL,0.006405067737509353,3.2104492961104207
PRT,TUR,7.0168854833254195e-6,PRT,0.0044557274195430345,3.4197767178286784
ROU,TUR,0.00003360255368584693,ROU,0.018828958497961748,2.409756099778267
ROW,TUR,0.0010409028040149987,ROW,0.009179733844297456,2.8533022068068283
RUS,TUR,0.00013585477023086908,RUS,0.010964433779479086,2.7790085179811905
SVK,TUR,6.105142197606218e-6,SVK,0.007040632579606172,3.1153522009462282
SVN,TUR,2.549862252440182e-6,SVN,0.007685666357761201,2.9965656803219836
SWE,TUR,0.00001270014383143028,SWE,0.00564692098388254,3.3702109021327114
TUR,TUR,0.004885860124726934,TUR,0.7118035029713912,1.0
TWN,TUR,2.7945173028305475e-6,TWN,0.0005139752127029145,6.363783907284704
USA,TUR,0.00010049448760617675,USA,0.0012340122477434256,5.31405544270757
AUS,TWN,0.000043976411140197036,AUS,0.007247699956147407,2.9189288707738417
AUT,TWN,2.6482953652199394e-6,AUT,0.0011255647794410869,4.70040680406528
BEL,TWN,6.340551087314175e-6,BEL,0.0020867723203288314,3.966156548094487
BGR,TWN,3.4070918110223066e-7,BGR,0.0005780552004492576,5.129092139724466
BRA,TWN,0.00003350525464174858,BRA,0.0021896514122799215,3.975719790232504
CAN,TWN,0.000028166834597022414,CAN,0.003037930326573225,3.723226469112295
CHE,TWN,3.042485619099436e-6,CHE,0.0009796011490676502,5.049118324697708
CHN,TWN,0.0004507487101934933,CHN,0.0025054858314243885,3.9944382528873255
CYP,TWN,1.8023229467349734e-7,CYP,0.0015351203206564123,4.072214731785433
CZE,TWN,2.3047654789785643e-6,CZE,0.001411743466641591,4.425457942975301
DEU,TWN,0.00003210324057311311,DEU,0.0017359096346683883,4.4178951798915636
DNK,TWN,1.994293188703999e-6,DNK,0.0014307982938768545,4.3209038362567975
ESP,TWN,6.804085414983734e-6,ESP,0.0007872343515271215,5.026125016945141
EST,TWN,6.487211065195627e-7,EST,0.003320039505937243,3.436926984575041
FIN,TWN,1.7272942408528258e-6,FIN,0.001158519417377816,4.622727023396947
FRA,TWN,0.000010533786456643,FRA,0.0008232973141076564,5.2345534940070575
GBR,TWN,0.000017724398081856807,GBR,0.0015759971096966235,4.4093957834488355
GRC,TWN,1.1731370719021252e-6,GRC,0.0008242518607405437,4.755915337139675
HRV,TWN,3.244075819989443e-7,HRV,0.0009031167327453189,4.527033118595996
HUN,TWN,5.62363778025011e-7,HUN,0.0005468323642235813,5.467262391016531
IDN,TWN,0.00003582402284334392,IDN,0.004012153314786503,3.311695430964533
IND,TWN,0.00003278355673164433,IND,0.0014197016286731903,4.481330949658373
IRL,TWN,6.660792966705366e-7,IRL,0.0009623714939241524,4.788686610219744
ITA,TWN,0.000012677576369949708,ITA,0.0010162670647950163,4.860327667143506
JPN,TWN,0.00012359263720745862,JPN,0.004150614160605026,3.7951567963810806
KOR,TWN,0.000052384835293155504,KOR,0.003606951877414365,3.68901897068744
LTU,TWN,3.8386619202819525e-7,LTU,0.0008942746811891642,4.612252465097442
LUX,TWN,1.7654953138179406e-7,LUX,0.0008330433310842089,4.888901531467494
LVA,TWN,1.6708588842633718e-7,LVA,0.0007624469600448848,4.852816264635259
MEX,TWN,0.00002349854068649806,MEX,0.0025811095560734202,3.79030411166303
MLT,TWN,4.0349998153583524e-8,MLT,0.000794338310277606,4.971432292245863
NLD,TWN,8.061407714205767e-6,NLD,0.0017921736000712986,4.158211190332231
NOR,TWN,2.45333589309267e-6,NOR,0.001178424793708838,4.491669355967262
POL,TWN,5.911984544871375e-6,POL,0.0012678944723513229,4.453850286785281
PRT,TWN,9.507637826605172e-7,PRT,0.0006037356981207632,5.21585290906133
ROU,TWN,5.547000551145486e-7,ROU,0.0003108223385107787,6.221015041014852
ROW,TWN,0.00042593916258267217,ROW,0.0037563623916566286,3.301209362819547
RUS,TWN,6.42737567215585e-6,RUS,0.0005187343426618585,5.513911919561419
SVK,TWN,9.638960390831843e-7,SVK,0.0011115937412208554,4.573336882518029
SVN,TWN,5.641916540748649e-7,SVN,0.0017005580638339045,4.04302066621662
SWE,TWN,3.871851054015597e-6,SWE,0.001721558216473057,4.197002451905393
TUR,TWN,0.000016514117259202275,TUR,0.002405882733746385,3.8377887094292116
TWN,TWN,0.0033605245850398856,TWN,0.6180768094152621,1.0
USA,TWN,0.00017087223878372337,USA,0.00209820897126992,4.306291338219452
AUS,USA,0.00012136744519030523,AUS,0.02000242412640762,2.3284839518859273
AUT,USA,0.000020869164239318312,AUT,0.008869704094428808,2.8845039005046114
BEL,USA,0.0001197263104807757,BEL,0.03940375959216662,1.9562508668896308
BGR,USA,1.665148827400345e-6,BGR,0.002825130617516109,3.546855858871638
BRA,USA,0.00030791053039963496,BRA,0.02012271612182662,2.3477843660385997
CAN,USA,0.0020262689882287804,CAN,0.21854298138938863,1.314468046617455
CHE,USA,0.00007464090020534148,CHE,0.02403242636533449,2.332645852260555
CHN,USA,0.0005776660371913445,CHN,0.0032109555473973277,3.8600281335220976
CYP,USA,6.487509713099697e-7,CYP,0.0055257067048260005,3.0397625618525743
CZE,USA,8.629041990568e-6,CZE,0.005285567561936579,3.27110587279759
DEU,USA,0.00025688110094812544,DEU,0.01389026061355126,2.7007844890688255
DNK,USA,0.000011495994484815191,DNK,0.008247758849329673,2.867183965363399
ESP,USA,0.00009693872531575647,ESP,0.01121583429769418,2.659939404914728
EST,USA,9.725383282295026e-7,EST,0.004977278584449358,3.193584963869947
FIN,USA,0.000014898929609077326,FIN,0.009992911944023587,2.7734568042975916
FRA,USA,0.00023670018867671654,FRA,0.018499960141438124,2.471988592522275
GBR,USA,0.00020595548690748117,GBR,0.018312906909070482,2.4555509976112138
GRC,USA,4.341760882779524e-6,GRC,0.0030505424917814717,3.525536153910938
HRV,USA,3.673984899381495e-6,HRV,0.01022798917966058,2.5373035222744056
HUN,USA,6.185464709460962e-6,HUN,0.006014633984384452,3.0867503963695033
IDN,USA,0.00005284343246397348,IDN,0.005918261990066266,3.08970179867508
IND,USA,0.00010413309548210992,IND,0.004509514524762706,3.451391173445786
IRL,USA,0.00003907689972084225,IRL,0.05645948545503672,1.7790502626000635
ITA,USA,0.00010713499709745692,ITA,0.008588216379838464,2.9309749768460973
JPN,USA,0.00048335206936903687,JPN,0.01623242281264143,2.7748040588208993
KOR,USA,0.00026787661941780807,KOR,0.018444614169679754,2.522312692522666
LTU,USA,2.0812604539197006e-6,LTU,0.004848612791521759,3.1077549947981704
LUX,USA,3.0763751258023344e-6,LUX,0.01451577788060474,2.4603021890767094
LVA,USA,1.064302837631535e-6,LVA,0.004856630746988915,3.140746106102152
MEX,USA,0.001466649052459314,MEX,0.16109859481120484,1.3865102088328718
MLT,USA,1.4547891858054761e-6,MLT,0.028639277237741994,2.08599246902338
NLD,USA,0.00018580888752098453,NLD,0.04130814302902854,1.9512503192248605
NOR,USA,0.000020061056316093126,NOR,0.009636041366138548,2.7310454423388695
POL,USA,0.00001564246627407285,POL,0.003354710482124655,3.5905664911998056
PRT,USA,7.094600075232006e-6,PRT,0.004505076242304878,3.244754598233482
ROU,USA,7.107571880973405e-6,ROU,0.003982678733863471,3.3807716035816693
ROW,USA,0.0018859433875571244,ROW,0.01663215650530389,2.33990454936745
RUS,USA,0.000031945721064185425,RUS,0.002578243977379185,3.7969546938571503
SVK,USA,6.533369197251026e-6,SVK,0.00753447676334171,2.914249870612861
SVN,USA,2.427000791811253e-6,SVN,0.0073153435320016886,2.8864596413978956
SWE,USA,0.000018346250632255733,SWE,0.008157374360947366,2.924841904812268
TUR,USA,0.00007214333902853664,TUR,0.010510305273922485,2.729393704664599
TWN,USA,0.0001221118572167048,TWN,0.02245914445508428,2.3549552210440168
USA,USA,0.06566992441665191,USA,0.8063874245133485,1.0
